
DevTools listening on ws://127.0.0.1:9334/devtools/browser/7e9cced1-676f-4ca7-88bc-56ac98b5d318
Trying to load the allocator multiple times. This is *not* supported.
[65361:12344061:0706/222235.274382:ERROR:google_apis/gcm/engine/registration_request.cc:291] Registration response error message: DEPRECATED_ENDPOINT
[65369:12344082:0706/222242.170463:ERROR:gpu/command_buffer/service/shared_image/shared_image_representation.cc:792] Attempt to read from an uninitialized SharedImage. Initialized region: (0, 0, 0, 0) Size: (1285, 3206) Debug Label: CanvasResourceRaster_Pid:65408
[65369:12344082:0706/222242.170773:ERROR:gpu/command_buffer/service/raster_decoder.cc:267] [.RendererMainThread-0x13c004e1a00]GL ERROR :GL_INVALID_OPERATION : SharedImageProviderImpl::OpenSharedImageForRead: Couldn't access shared image for mailbox:7F:DB:E6:60:8D:47:FC:57:BB:9E:C9:F9:D5:E2:B1:11
[65369:12344082:0706/222242.170804:ERROR:gpu/command_buffer/service/raster_decoder.cc:3052] [.RendererMainThread-0x13c004e1a00]GL ERROR :GL_INVALID_OPERATION : glRasterCHROMIUM: RasterCHROMIUM: serialization failure
[65369:12344082:0706/222242.172615:ERROR:gpu/command_buffer/service/shared_image/shared_image_representation.cc:792] Attempt to read from an uninitialized SharedImage. Initialized region: (0, 0, 0, 0) Size: (1285, 3206) Debug Label: CanvasResourceRaster_Pid:65408
[65369:12344082:0706/222242.172658:ERROR:gpu/command_buffer/service/raster_decoder.cc:267] [.RendererMainThread-0x13c004e1a00]GL ERROR :GL_INVALID_OPERATION : SharedImageProviderImpl::OpenSharedImageForRead: Couldn't access shared image for mailbox:96:64:7C:0D:A0:66:F7:41:3C:B9:D5:6D:F2:53:9E:7F
[65369:12344082:0706/222242.172677:ERROR:gpu/command_buffer/service/raster_decoder.cc:3052] [.RendererMainThread-0x13c004e1a00]GL ERROR :GL_INVALID_OPERATION : glRasterCHROMIUM: RasterCHROMIUM: serialization failure
[65369:12344082:0706/222242.343804:ERROR:gpu/command_buffer/service/shared_image/shared_image_representation.cc:792] Attempt to read from an uninitialized SharedImage. Initialized region: (0, 0, 0, 0) Size: (1285, 3206) Debug Label: CanvasResourceRaster_Pid:65408
[65369:12344082:0706/222242.343849:ERROR:gpu/command_buffer/service/raster_decoder.cc:267] [.RendererMainThread-0x13c004e1a00]GL ERROR :GL_INVALID_OPERATION : SharedImageProviderImpl::OpenSharedImageForRead: Couldn't access shared image for mailbox:EB:DE:7E:42:56:13:4A:27:F1:29:6B:49:20:04:28:E7
[65369:12344082:0706/222242.343867:ERROR:gpu/command_buffer/service/raster_decoder.cc:3052] [.RendererMainThread-0x13c004e1a00]GL ERROR :GL_INVALID_OPERATION : glRasterCHROMIUM: RasterCHROMIUM: serialization failure
[65369:12344082:0706/222242.425261:ERROR:gpu/command_buffer/service/shared_image/shared_image_representation.cc:792] Attempt to read from an uninitialized SharedImage. Initialized region: (0, 0, 0, 0) Size: (1285, 3206) Debug Label: CanvasResourceRaster_Pid:65408
[65369:12344082:0706/222242.425306:ERROR:gpu/command_buffer/service/raster_decoder.cc:267] [.RendererMainThread-0x13c004e1a00]GL ERROR :GL_INVALID_OPERATION : SharedImageProviderImpl::OpenSharedImageForRead: Couldn't access shared image for mailbox:84:A6:6F:DA:79:8D:E0:DE:C0:43:B5:EC:A7:02:F5:57
[65369:12344082:0706/222242.425324:ERROR:gpu/command_buffer/service/raster_decoder.cc:3052] [.RendererMainThread-0x13c004e1a00]GL ERROR :GL_INVALID_OPERATION : glRasterCHROMIUM: RasterCHROMIUM: serialization failure
[65369:12344082:0706/222242.427278:ERROR:gpu/command_buffer/service/shared_image/shared_image_representation.cc:792] Attempt to read from an uninitialized SharedImage. Initialized region: (0, 0, 0, 0) Size: (1285, 3206) Debug Label: CanvasResourceRaster_Pid:65408
[65369:12344082:0706/222242.427323:ERROR:gpu/command_buffer/service/raster_decoder.cc:267] [.RendererMainThread-0x13c004e1a00]GL ERROR :GL_INVALID_OPERATION : SharedImageProviderImpl::OpenSharedImageForRead: Couldn't access shared image for mailbox:6B:ED:69:A6:F1:8C:AB:17:4A:7E:E2:C9:9D:D9:2B:FB
[65369:12344082:0706/222242.427344:ERROR:gpu/command_buffer/service/raster_decoder.cc:3052] [.RendererMainThread-0x13c004e1a00]GL ERROR :GL_INVALID_OPERATION : glRasterCHROMIUM: RasterCHROMIUM: serialization failure
[65369:12344082:0706/222242.598878:ERROR:gpu/command_buffer/service/shared_image/shared_image_representation.cc:792] Attempt to read from an uninitialized SharedImage. Initialized region: (0, 0, 0, 0) Size: (1285, 3206) Debug Label: CanvasResourceRaster_Pid:65408
[65369:12344082:0706/222242.598927:ERROR:gpu/command_buffer/service/raster_decoder.cc:267] [.RendererMainThread-0x13c004e1a00]GL ERROR :GL_INVALID_OPERATION : SharedImageProviderImpl::OpenSharedImageForRead: Couldn't access shared image for mailbox:78:98:B5:5D:C3:32:6F:EA:C1:BA:16:7A:A5:46:B9:FF
[65369:12344082:0706/222242.598951:ERROR:gpu/command_buffer/service/raster_decoder.cc:3052] [.RendererMainThread-0x13c004e1a00]GL ERROR :GL_INVALID_OPERATION : glRasterCHROMIUM: RasterCHROMIUM: serialization failure
[65369:12344082:0706/222242.680453:ERROR:gpu/command_buffer/service/shared_image/shared_image_representation.cc:792] Attempt to read from an uninitialized SharedImage. Initialized region: (0, 0, 0, 0) Size: (1285, 3206) Debug Label: CanvasResourceRaster_Pid:65408
[65369:12344082:0706/222242.680498:ERROR:gpu/command_buffer/service/raster_decoder.cc:267] [.RendererMainThread-0x13c004e1a00]GL ERROR :GL_INVALID_OPERATION : SharedImageProviderImpl::OpenSharedImageForRead: Couldn't access shared image for mailbox:31:3F:A0:FD:EF:51:86:54:18:07:02:97:99:88:C4:A5
[65369:12344082:0706/222242.680522:ERROR:gpu/command_buffer/service/raster_decoder.cc:3052] [.RendererMainThread-0x13c004e1a00]GL ERROR :GL_INVALID_OPERATION : glRasterCHROMIUM: RasterCHROMIUM: serialization failure
[65369:12344082:0706/222242.682312:ERROR:gpu/command_buffer/service/shared_image/shared_image_representation.cc:792] Attempt to read from an uninitialized SharedImage. Initialized region: (0, 0, 0, 0) Size: (1285, 3206) Debug Label: CanvasResourceRaster_Pid:65408
[65369:12344082:0706/222242.682362:ERROR:gpu/command_buffer/service/raster_decoder.cc:267] [.RendererMainThread-0x13c004e1a00]GL ERROR :GL_INVALID_OPERATION : SharedImageProviderImpl::OpenSharedImageForRead: Couldn't access shared image for mailbox:2F:18:C3:A6:6C:8E:61:2B:65:19:7A:5C:2C:32:65:CD
[65369:12344082:0706/222242.682380:ERROR:gpu/command_buffer/service/raster_decoder.cc:3052] [.RendererMainThread-0x13c004e1a00]GL ERROR :GL_INVALID_OPERATION : glRasterCHROMIUM: RasterCHROMIUM: serialization failure
[65369:12344082:0706/222242.853971:ERROR:gpu/command_buffer/service/shared_image/shared_image_representation.cc:792] Attempt to read from an uninitialized SharedImage. Initialized region: (0, 0, 0, 0) Size: (1285, 3206) Debug Label: CanvasResourceRaster_Pid:65408
[65369:12344082:0706/222242.854021:ERROR:gpu/command_buffer/service/raster_decoder.cc:267] [.RendererMainThread-0x13c004e1a00]GL ERROR :GL_INVALID_OPERATION : SharedImageProviderImpl::OpenSharedImageForRead: Couldn't access shared image for mailbox:6B:39:2A:72:8A:0E:BD:39:5B:C2:80:39:18:ED:88:55
[65369:12344082:0706/222242.854042:ERROR:gpu/command_buffer/service/raster_decoder.cc:3052] [.RendererMainThread-0x13c004e1a00]GL ERROR :GL_INVALID_OPERATION : glRasterCHROMIUM: RasterCHROMIUM: serialization failure
[65369:12344082:0706/222242.935574:ERROR:gpu/command_buffer/service/shared_image/shared_image_representation.cc:792] Attempt to read from an uninitialized SharedImage. Initialized region: (0, 0, 0, 0) Size: (1285, 3206) Debug Label: CanvasResourceRaster_Pid:65408
[65369:12344082:0706/222242.935619:ERROR:gpu/command_buffer/service/raster_decoder.cc:267] [.RendererMainThread-0x13c004e1a00]GL ERROR :GL_INVALID_OPERATION : SharedImageProviderImpl::OpenSharedImageForRead: Couldn't access shared image for mailbox:D9:45:43:AC:3C:4B:F1:D2:45:56:D9:11:0A:B3:DA:8D
[65369:12344082:0706/222242.935636:ERROR:gpu/command_buffer/service/raster_decoder.cc:3052] [.RendererMainThread-0x13c004e1a00]GL ERROR :GL_INVALID_OPERATION : glRasterCHROMIUM: RasterCHROMIUM: serialization failure
[65369:12344082:0706/222242.936896:ERROR:gpu/command_buffer/service/shared_image/shared_image_representation.cc:792] Attempt to read from an uninitialized SharedImage. Initialized region: (0, 0, 0, 0) Size: (1285, 3206) Debug Label: CanvasResourceRaster_Pid:65408
[65369:12344082:0706/222242.936938:ERROR:gpu/command_buffer/service/raster_decoder.cc:267] [.RendererMainThread-0x13c004e1a00]GL ERROR :GL_INVALID_OPERATION : SharedImageProviderImpl::OpenSharedImageForRead: Couldn't access shared image for mailbox:9C:2F:68:44:A1:4B:3D:46:01:E4:FB:D2:56:FD:CC:8F
[65369:12344082:0706/222242.936954:ERROR:gpu/command_buffer/service/raster_decoder.cc:3052] [.RendererMainThread-0x13c004e1a00]GL ERROR :GL_INVALID_OPERATION : glRasterCHROMIUM: RasterCHROMIUM: serialization failure
[65369:12344082:0706/222243.109106:ERROR:gpu/command_buffer/service/shared_image/shared_image_representation.cc:792] Attempt to read from an uninitialized SharedImage. Initialized region: (0, 0, 0, 0) Size: (1285, 3206) Debug Label: CanvasResourceRaster_Pid:65408
[65369:12344082:0706/222243.109141:ERROR:gpu/command_buffer/service/raster_decoder.cc:267] [.RendererMainThread-0x13c004e1a00]GL ERROR :GL_INVALID_OPERATION : SharedImageProviderImpl::OpenSharedImageForRead: Couldn't access shared image for mailbox:BE:85:7F:4A:EE:CA:01:E1:1E:66:53:DC:7B:A8:33:E5
[65369:12344082:0706/222243.109157:ERROR:gpu/command_buffer/service/raster_decoder.cc:3052] [.RendererMainThread-0x13c004e1a00]GL ERROR :GL_INVALID_OPERATION : glRasterCHROMIUM: RasterCHROMIUM: serialization failure
[65369:12344082:0706/222243.190717:ERROR:gpu/command_buffer/service/shared_image/shared_image_representation.cc:792] Attempt to read from an uninitialized SharedImage. Initialized region: (0, 0, 0, 0) Size: (1285, 3206) Debug Label: CanvasResourceRaster_Pid:65408
[65369:12344082:0706/222243.190756:ERROR:gpu/command_buffer/service/raster_decoder.cc:267] [.RendererMainThread-0x13c004e1a00]GL ERROR :GL_INVALID_OPERATION : SharedImageProviderImpl::OpenSharedImageForRead: Couldn't access shared image for mailbox:71:D9:9F:A7:17:93:1B:2B:10:D2:55:68:83:6C:0F:55
[65369:12344082:0706/222243.190772:ERROR:gpu/command_buffer/service/raster_decoder.cc:3052] [.RendererMainThread-0x13c004e1a00]GL ERROR :GL_INVALID_OPERATION : glRasterCHROMIUM: RasterCHROMIUM: serialization failure
[65369:12344082:0706/222243.192859:ERROR:gpu/command_buffer/service/shared_image/shared_image_representation.cc:792] Attempt to read from an uninitialized SharedImage. Initialized region: (0, 0, 0, 0) Size: (1285, 3206) Debug Label: CanvasResourceRaster_Pid:65408
[65369:12344082:0706/222243.192902:ERROR:gpu/command_buffer/service/raster_decoder.cc:267] [.RendererMainThread-0x13c004e1a00]GL ERROR :GL_INVALID_OPERATION : SharedImageProviderImpl::OpenSharedImageForRead: Couldn't access shared image for mailbox:56:69:A6:D3:7D:D1:AB:25:E9:5A:DC:D5:96:68:F3:71
[65369:12344082:0706/222243.192919:ERROR:gpu/command_buffer/service/raster_decoder.cc:3052] [.RendererMainThread-0x13c004e1a00]GL ERROR :GL_INVALID_OPERATION : glRasterCHROMIUM: RasterCHROMIUM: serialization failure
[65369:12344082:0706/222243.363040:ERROR:gpu/command_buffer/service/shared_image/shared_image_representation.cc:792] Attempt to read from an uninitialized SharedImage. Initialized region: (0, 0, 0, 0) Size: (1285, 3206) Debug Label: CanvasResourceRaster_Pid:65408
[65369:12344082:0706/222243.363082:ERROR:gpu/command_buffer/service/raster_decoder.cc:267] [.RendererMainThread-0x13c004e1a00]GL ERROR :GL_INVALID_OPERATION : SharedImageProviderImpl::OpenSharedImageForRead: Couldn't access shared image for mailbox:26:4E:A9:C2:65:34:40:25:7A:56:18:63:2A:36:B7:E9
[65369:12344082:0706/222243.363095:ERROR:gpu/command_buffer/service/raster_decoder.cc:3052] [.RendererMainThread-0x13c004e1a00]GL ERROR :GL_INVALID_OPERATION : glRasterCHROMIUM: RasterCHROMIUM: serialization failure
[65369:12344082:0706/222243.445640:ERROR:gpu/command_buffer/service/shared_image/shared_image_representation.cc:792] Attempt to read from an uninitialized SharedImage. Initialized region: (0, 0, 0, 0) Size: (1285, 3206) Debug Label: CanvasResourceRaster_Pid:65408
[65369:12344082:0706/222243.445679:ERROR:gpu/command_buffer/service/raster_decoder.cc:267] [.RendererMainThread-0x13c004e1a00]GL ERROR :GL_INVALID_OPERATION : SharedImageProviderImpl::OpenSharedImageForRead: Couldn't access shared image for mailbox:0B:B6:A2:AB:40:53:A3:45:E9:46:B5:EB:E7:9D:3C:85
[65369:12344082:0706/222243.445708:ERROR:gpu/command_buffer/service/raster_decoder.cc:3052] [.RendererMainThread-0x13c004e1a00]GL ERROR :GL_INVALID_OPERATION : glRasterCHROMIUM: RasterCHROMIUM: serialization failure
[65369:12344082:0706/222243.447229:ERROR:gpu/command_buffer/service/shared_image/shared_image_representation.cc:792] Attempt to read from an uninitialized SharedImage. Initialized region: (0, 0, 0, 0) Size: (1285, 3206) Debug Label: CanvasResourceRaster_Pid:65408
[65369:12344082:0706/222243.447265:ERROR:gpu/command_buffer/service/raster_decoder.cc:267] [.RendererMainThread-0x13c004e1a00]GL ERROR :GL_INVALID_OPERATION : SharedImageProviderImpl::OpenSharedImageForRead: Couldn't access shared image for mailbox:05:36:F5:01:A5:98:12:D6:76:F2:D4:60:3C:65:DF:97
[65369:12344082:0706/222243.447282:ERROR:gpu/command_buffer/service/raster_decoder.cc:3052] [.RendererMainThread-0x13c004e1a00]GL ERROR :GL_INVALID_OPERATION : glRasterCHROMIUM: RasterCHROMIUM: serialization failure
[65369:12344082:0706/222243.619306:ERROR:gpu/command_buffer/service/shared_image/shared_image_representation.cc:792] Attempt to read from an uninitialized SharedImage. Initialized region: (0, 0, 0, 0) Size: (1285, 3206) Debug Label: CanvasResourceRaster_Pid:65408
[65369:12344082:0706/222243.619339:ERROR:gpu/command_buffer/service/raster_decoder.cc:267] [.RendererMainThread-0x13c004e1a00]GL ERROR :GL_INVALID_OPERATION : SharedImageProviderImpl::OpenSharedImageForRead: Couldn't access shared image for mailbox:51:F6:30:6B:14:48:EA:A7:51:C8:7E:A2:BB:BD:3B:13
[65369:12344082:0706/222243.619359:ERROR:gpu/command_buffer/service/raster_decoder.cc:3052] [.RendererMainThread-0x13c004e1a00]GL ERROR :GL_INVALID_OPERATION : glRasterCHROMIUM: RasterCHROMIUM: serialization failure
[65369:12344082:0706/222243.701052:ERROR:gpu/command_buffer/service/shared_image/shared_image_representation.cc:792] Attempt to read from an uninitialized SharedImage. Initialized region: (0, 0, 0, 0) Size: (1285, 3206) Debug Label: CanvasResourceRaster_Pid:65408
[65369:12344082:0706/222243.701100:ERROR:gpu/command_buffer/service/raster_decoder.cc:267] [.RendererMainThread-0x13c004e1a00]GL ERROR :GL_INVALID_OPERATION : SharedImageProviderImpl::OpenSharedImageForRead: Couldn't access shared image for mailbox:29:7A:43:DC:63:D7:CD:F9:B3:8A:0C:C7:67:05:99:59
[65369:12344082:0706/222243.701123:ERROR:gpu/command_buffer/service/raster_decoder.cc:3052] [.RendererMainThread-0x13c004e1a00]GL ERROR :GL_INVALID_OPERATION : glRasterCHROMIUM: RasterCHROMIUM: serialization failure
[65369:12344082:0706/222243.703058:ERROR:gpu/command_buffer/service/shared_image/shared_image_representation.cc:792] Attempt to read from an uninitialized SharedImage. Initialized region: (0, 0, 0, 0) Size: (1285, 3206) Debug Label: CanvasResourceRaster_Pid:65408
[65369:12344082:0706/222243.703091:ERROR:gpu/command_buffer/service/raster_decoder.cc:267] [.RendererMainThread-0x13c004e1a00]GL ERROR :GL_INVALID_OPERATION : SharedImageProviderImpl::OpenSharedImageForRead: Couldn't access shared image for mailbox:97:93:6F:8A:48:E3:27:58:DE:E6:B9:0D:12:38:1A:65
[65369:12344082:0706/222243.703106:ERROR:gpu/command_buffer/service/raster_decoder.cc:3052] [.RendererMainThread-0x13c004e1a00]GL ERROR :GL_INVALID_OPERATION : glRasterCHROMIUM: RasterCHROMIUM: serialization failure
[65369:12344082:0706/222243.874476:ERROR:gpu/command_buffer/service/shared_image/shared_image_representation.cc:792] Attempt to read from an uninitialized SharedImage. Initialized region: (0, 0, 0, 0) Size: (1285, 3206) Debug Label: CanvasResourceRaster_Pid:65408
[65369:12344082:0706/222243.874509:ERROR:gpu/command_buffer/service/raster_decoder.cc:267] [.RendererMainThread-0x13c004e1a00]GL ERROR :GL_INVALID_OPERATION : SharedImageProviderImpl::OpenSharedImageForRead: Couldn't access shared image for mailbox:10:C2:8B:E2:F8:8C:C5:D7:F1:D3:71:D3:28:1E:C1:A7
[65369:12344082:0706/222243.874539:ERROR:gpu/command_buffer/service/raster_decoder.cc:3052] [.RendererMainThread-0x13c004e1a00]GL ERROR :GL_INVALID_OPERATION : glRasterCHROMIUM: RasterCHROMIUM: serialization failure
[65369:12344082:0706/222243.955170:ERROR:gpu/command_buffer/service/shared_image/shared_image_representation.cc:792] Attempt to read from an uninitialized SharedImage. Initialized region: (0, 0, 0, 0) Size: (1285, 3206) Debug Label: CanvasResourceRaster_Pid:65408
[65369:12344082:0706/222243.955211:ERROR:gpu/command_buffer/service/raster_decoder.cc:267] [.RendererMainThread-0x13c004e1a00]GL ERROR :GL_INVALID_OPERATION : SharedImageProviderImpl::OpenSharedImageForRead: Couldn't access shared image for mailbox:0E:DF:F4:C0:EF:9F:2D:2F:95:9F:B3:01:45:9A:02:F3
[65369:12344082:0706/222243.955230:ERROR:gpu/command_buffer/service/raster_decoder.cc:3052] [.RendererMainThread-0x13c004e1a00]GL ERROR :GL_INVALID_OPERATION : glRasterCHROMIUM: RasterCHROMIUM: serialization failure
[65369:12344082:0706/222243.957230:ERROR:gpu/command_buffer/service/shared_image/shared_image_representation.cc:792] Attempt to read from an uninitialized SharedImage. Initialized region: (0, 0, 0, 0) Size: (1285, 3206) Debug Label: CanvasResourceRaster_Pid:65408
[65369:12344082:0706/222243.957266:ERROR:gpu/command_buffer/service/raster_decoder.cc:267] [.RendererMainThread-0x13c004e1a00]GL ERROR :GL_INVALID_OPERATION : SharedImageProviderImpl::OpenSharedImageForRead: Couldn't access shared image for mailbox:C1:C0:4F:66:9D:F4:63:7D:20:F2:BB:A5:5E:19:84:09
[65369:12344082:0706/222243.957284:ERROR:gpu/command_buffer/service/raster_decoder.cc:3052] [.RendererMainThread-0x13c004e1a00]GL ERROR :GL_INVALID_OPERATION : glRasterCHROMIUM: RasterCHROMIUM: serialization failure
[65369:12344082:0706/222244.129659:ERROR:gpu/command_buffer/service/shared_image/shared_image_representation.cc:792] Attempt to read from an uninitialized SharedImage. Initialized region: (0, 0, 0, 0) Size: (1285, 3206) Debug Label: CanvasResourceRaster_Pid:65408
[65369:12344082:0706/222244.129702:ERROR:gpu/command_buffer/service/raster_decoder.cc:267] [.RendererMainThread-0x13c004e1a00]GL ERROR :GL_INVALID_OPERATION : SharedImageProviderImpl::OpenSharedImageForRead: Couldn't access shared image for mailbox:F1:87:C5:60:34:EC:67:92:AA:E0:93:4C:D6:9C:8A:21
[65369:12344082:0706/222244.129717:ERROR:gpu/command_buffer/service/raster_decoder.cc:3052] [.RendererMainThread-0x13c004e1a00]GL ERROR :GL_INVALID_OPERATION : glRasterCHROMIUM: RasterCHROMIUM: serialization failure
[65369:12344082:0706/222244.211299:ERROR:gpu/command_buffer/service/shared_image/shared_image_representation.cc:792] Attempt to read from an uninitialized SharedImage. Initialized region: (0, 0, 0, 0) Size: (1285, 3206) Debug Label: CanvasResourceRaster_Pid:65408
[65369:12344082:0706/222244.211348:ERROR:gpu/command_buffer/service/raster_decoder.cc:267] [.RendererMainThread-0x13c004e1a00]GL ERROR :GL_INVALID_OPERATION : SharedImageProviderImpl::OpenSharedImageForRead: Couldn't access shared image for mailbox:EF:1F:20:00:FE:DF:50:7C:D1:B9:52:A7:E4:74:C1:15
[65369:12344082:0706/222244.211365:ERROR:gpu/command_buffer/service/raster_decoder.cc:3052] [.RendererMainThread-0x13c004e1a00]GL ERROR :GL_INVALID_OPERATION : glRasterCHROMIUM: RasterCHROMIUM: serialization failure
[65369:12344082:0706/222244.213220:ERROR:gpu/command_buffer/service/shared_image/shared_image_representation.cc:792] Attempt to read from an uninitialized SharedImage. Initialized region: (0, 0, 0, 0) Size: (1285, 3206) Debug Label: CanvasResourceRaster_Pid:65408
[65369:12344082:0706/222244.213268:ERROR:gpu/command_buffer/service/raster_decoder.cc:267] [.RendererMainThread-0x13c004e1a00]GL ERROR :GL_INVALID_OPERATION : SharedImageProviderImpl::OpenSharedImageForRead: Couldn't access shared image for mailbox:86:C6:B3:E4:67:F1:53:8F:5F:BC:FA:05:62:CB:D9:67
[65369:12344082:0706/222244.213286:ERROR:gpu/command_buffer/service/raster_decoder.cc:3052] [.RendererMainThread-0x13c004e1a00]GL ERROR :GL_INVALID_OPERATION : glRasterCHROMIUM: RasterCHROMIUM: serialization failure
[65369:12344082:0706/222244.384827:ERROR:gpu/command_buffer/service/shared_image/shared_image_representation.cc:792] Attempt to read from an uninitialized SharedImage. Initialized region: (0, 0, 0, 0) Size: (1285, 3206) Debug Label: CanvasResourceRaster_Pid:65408
[65369:12344082:0706/222244.384873:ERROR:gpu/command_buffer/service/raster_decoder.cc:267] [.RendererMainThread-0x13c004e1a00]GL ERROR :GL_INVALID_OPERATION : SharedImageProviderImpl::OpenSharedImageForRead: Couldn't access shared image for mailbox:5D:8E:EF:4E:24:87:99:A6:01:BE:80:9E:43:0C:52:59
[65369:12344082:0706/222244.384892:ERROR:gpu/command_buffer/service/raster_decoder.cc:3052] [.RendererMainThread-0x13c004e1a00]GL ERROR :GL_INVALID_OPERATION : glRasterCHROMIUM: RasterCHROMIUM: serialization failure
[65369:12344082:0706/222244.466278:ERROR:gpu/command_buffer/service/shared_image/shared_image_representation.cc:792] Attempt to read from an uninitialized SharedImage. Initialized region: (0, 0, 0, 0) Size: (1285, 3206) Debug Label: CanvasResourceRaster_Pid:65408
[65369:12344082:0706/222244.466318:ERROR:gpu/command_buffer/service/raster_decoder.cc:267] [.RendererMainThread-0x13c004e1a00]GL ERROR :GL_INVALID_OPERATION : SharedImageProviderImpl::OpenSharedImageForRead: Couldn't access shared image for mailbox:12:61:61:AB:26:4D:C4:C2:6A:A2:77:87:D2:26:5C:41
[65369:12344082:0706/222244.466333:ERROR:gpu/command_buffer/service/raster_decoder.cc:3052] [.RendererMainThread-0x13c004e1a00]GL ERROR :GL_INVALID_OPERATION : glRasterCHROMIUM: RasterCHROMIUM: serialization failure
[65369:12344082:0706/222244.467313:ERROR:gpu/command_buffer/service/shared_image/shared_image_representation.cc:792] Attempt to read from an uninitialized SharedImage. Initialized region: (0, 0, 0, 0) Size: (1285, 3206) Debug Label: CanvasResourceRaster_Pid:65408
[65369:12344082:0706/222244.467344:ERROR:gpu/command_buffer/service/raster_decoder.cc:267] [.RendererMainThread-0x13c004e1a00]GL ERROR :GL_INVALID_OPERATION : SharedImageProviderImpl::OpenSharedImageForRead: Couldn't access shared image for mailbox:20:BC:63:68:31:F4:11:BF:19:ED:BA:C0:CA:25:28:D1
[65369:12344082:0706/222244.467357:ERROR:gpu/command_buffer/service/raster_decoder.cc:3052] [.RendererMainThread-0x13c004e1a00]GL ERROR :GL_INVALID_OPERATION : glRasterCHROMIUM: RasterCHROMIUM: serialization failure
[65369:12344082:0706/222244.639833:ERROR:gpu/command_buffer/service/shared_image/shared_image_representation.cc:792] Attempt to read from an uninitialized SharedImage. Initialized region: (0, 0, 0, 0) Size: (1285, 3206) Debug Label: CanvasResourceRaster_Pid:65408
[65369:12344082:0706/222244.639875:ERROR:gpu/command_buffer/service/raster_decoder.cc:267] [.RendererMainThread-0x13c004e1a00]GL ERROR :GL_INVALID_OPERATION : SharedImageProviderImpl::OpenSharedImageForRead: Couldn't access shared image for mailbox:9C:81:A6:48:C8:29:5B:47:68:1A:AD:98:18:61:9F:8F
[65369:12344082:0706/222244.639891:ERROR:gpu/command_buffer/service/raster_decoder.cc:3052] [.RendererMainThread-0x13c004e1a00]GL ERROR :GL_INVALID_OPERATION : glRasterCHROMIUM: RasterCHROMIUM: serialization failure
[65369:12344082:0706/222244.721644:ERROR:gpu/command_buffer/service/shared_image/shared_image_representation.cc:792] Attempt to read from an uninitialized SharedImage. Initialized region: (0, 0, 0, 0) Size: (1285, 3206) Debug Label: CanvasResourceRaster_Pid:65408
[65369:12344082:0706/222244.721688:ERROR:gpu/command_buffer/service/raster_decoder.cc:267] [.RendererMainThread-0x13c004e1a00]GL ERROR :GL_INVALID_OPERATION : SharedImageProviderImpl::OpenSharedImageForRead: Couldn't access shared image for mailbox:13:AE:94:EA:39:49:71:4C:38:82:F5:03:A3:F7:9D:0D
[0706/222244.956199:WARNING:third_party/crashpad/crashpad/util/numeric/in_range_cast.h:38] value -143893734 out of range
[65369:12344082:0706/222244.972835:ERROR:gpu/command_buffer/service/raster_decoder.cc:3052] [.RendererMainThread-0x13c004e1a00]GL ERROR :GL_INVALID_OPERATION : glRasterCHROMIUM: RasterCHROMIUM: serialization failure
[65369:12344082:0706/222244.973898:ERROR:gpu/command_buffer/service/shared_image/shared_image_representation.cc:792] Attempt to read from an uninitialized SharedImage. Initialized region: (0, 0, 0, 0) Size: (1285, 3206) Debug Label: CanvasResourceRaster_Pid:65408
[65369:12344082:0706/222244.973921:ERROR:gpu/command_buffer/service/raster_decoder.cc:267] [.RendererMainThread-0x13c004e1a00]GL ERROR :GL_INVALID_OPERATION : SharedImageProviderImpl::OpenSharedImageForRead: Couldn't access shared image for mailbox:B3:E5:7A:3B:E4:40:21:71:99:2D:65:1B:F6:EB:4B:4D
[65369:12344082:0706/222244.973931:ERROR:gpu/command_buffer/service/raster_decoder.cc:3052] [.RendererMainThread-0x13c004e1a00]GL ERROR :GL_INVALID_OPERATION : glRasterCHROMIUM: RasterCHROMIUM: serialization failure
[65369:12344082:0706/222244.977742:ERROR:gpu/command_buffer/service/shared_image/shared_image_representation.cc:792] Attempt to read from an uninitialized SharedImage. Initialized region: (0, 0, 0, 0) Size: (1285, 3206) Debug Label: CanvasResourceRaster_Pid:65408
[65369:12344082:0706/222244.977761:ERROR:gpu/command_buffer/service/raster_decoder.cc:267] [.RendererMainThread-0x13c004e1a00]GL ERROR :GL_INVALID_OPERATION : SharedImageProviderImpl::OpenSharedImageForRead: Couldn't access shared image for mailbox:25:1D:E9:EC:D7:EA:03:55:DF:CB:3A:85:BC:D3:CB:8D
[65369:12344082:0706/222244.977775:ERROR:gpu/command_buffer/service/raster_decoder.cc:3052] [.RendererMainThread-0x13c004e1a00]GL ERROR :GL_INVALID_OPERATION : glRasterCHROMIUM: RasterCHROMIUM: serialization failure
Created TensorFlow Lite XNNPACK delegate for CPU.
[65369:12344082:0706/222245.232053:ERROR:gpu/command_buffer/service/shared_image/shared_image_representation.cc:792] Attempt to read from an uninitialized SharedImage. Initialized region: (0, 0, 0, 0) Size: (1285, 3206) Debug Label: CanvasResourceRaster_Pid:65408
[65369:12344082:0706/222245.232081:ERROR:gpu/command_buffer/service/raster_decoder.cc:267] [.RendererMainThread-0x13c004e1a00]GL ERROR :GL_INVALID_OPERATION : SharedImageProviderImpl::OpenSharedImageForRead: Couldn't access shared image for mailbox:79:8C:84:5A:9D:4B:76:0E:57:D0:B6:1A:C0:EC:A5:0F
[65369:12344082:0706/222245.232097:ERROR:gpu/command_buffer/service/raster_decoder.cc:3052] [.RendererMainThread-0x13c004e1a00]GL ERROR :GL_INVALID_OPERATION : glRasterCHROMIUM: RasterCHROMIUM: serialization failure
[65369:12344082:0706/222245.233750:ERROR:gpu/command_buffer/service/shared_image/shared_image_representation.cc:792] Attempt to read from an uninitialized SharedImage. Initialized region: (0, 0, 0, 0) Size: (1285, 3206) Debug Label: CanvasResourceRaster_Pid:65408
[65369:12344082:0706/222245.233770:ERROR:gpu/command_buffer/service/raster_decoder.cc:267] [.RendererMainThread-0x13c004e1a00]GL ERROR :GL_INVALID_OPERATION : SharedImageProviderImpl::OpenSharedImageForRead: Couldn't access shared image for mailbox:8D:25:60:2D:5D:61:E9:A7:01:E3:00:CE:AC:45:5F:67
[65369:12344082:0706/222245.233781:ERROR:gpu/command_buffer/service/raster_decoder.cc:3052] [.RendererMainThread-0x13c004e1a00]GL ERROR :GL_INVALID_OPERATION : glRasterCHROMIUM: RasterCHROMIUM: serialization failure
[65369:12344082:0706/222245.234849:ERROR:gpu/command_buffer/service/shared_image/shared_image_representation.cc:792] Attempt to read from an uninitialized SharedImage. Initialized region: (0, 0, 0, 0) Size: (1285, 3206) Debug Label: CanvasResourceRaster_Pid:65408
[65369:12344082:0706/222245.234870:ERROR:gpu/command_buffer/service/raster_decoder.cc:267] [.RendererMainThread-0x13c004e1a00]GL ERROR :GL_INVALID_OPERATION : SharedImageProviderImpl::OpenSharedImageForRead: Couldn't access shared image for mailbox:0E:36:D3:84:D1:C8:92:1C:94:3D:27:A7:D6:8F:C6:F1
[65369:12344082:0706/222245.234887:ERROR:gpu/command_buffer/service/raster_decoder.cc:3052] [.RendererMainThread-0x13c004e1a00]GL ERROR :GL_INVALID_OPERATION : glRasterCHROMIUM: RasterCHROMIUM: serialization failure
[65369:12344082:0706/222245.488193:ERROR:gpu/command_buffer/service/shared_image/shared_image_representation.cc:792] Attempt to read from an uninitialized SharedImage. Initialized region: (0, 0, 0, 0) Size: (1285, 3206) Debug Label: CanvasResourceRaster_Pid:65408
[65369:12344082:0706/222245.488241:ERROR:gpu/command_buffer/service/raster_decoder.cc:267] [.RendererMainThread-0x13c004e1a00]GL ERROR :GL_INVALID_OPERATION : SharedImageProviderImpl::OpenSharedImageForRead: Couldn't access shared image for mailbox:E3:57:BC:87:A7:54:04:68:A9:44:DF:37:4F:D0:BD:D7
[65369:12344082:0706/222245.488258:ERROR:gpu/command_buffer/service/raster_decoder.cc:3052] [.RendererMainThread-0x13c004e1a00]GL ERROR :GL_INVALID_OPERATION : glRasterCHROMIUM: RasterCHROMIUM: serialization failure
[65369:12344082:0706/222245.489526:ERROR:gpu/command_buffer/service/shared_image/shared_image_representation.cc:792] Attempt to read from an uninitialized SharedImage. Initialized region: (0, 0, 0, 0) Size: (1285, 3206) Debug Label: CanvasResourceRaster_Pid:65408
[65369:12344082:0706/222245.489565:ERROR:gpu/command_buffer/service/raster_decoder.cc:267] [.RendererMainThread-0x13c004e1a00]GL ERROR :GL_INVALID_OPERATION : SharedImageProviderImpl::OpenSharedImageForRead: Couldn't access shared image for mailbox:8D:3D:25:7A:0B:F1:6B:70:2F:5D:0F:D7:C6:BE:0B:41
[65369:12344082:0706/222245.489583:ERROR:gpu/command_buffer/service/raster_decoder.cc:3052] [.RendererMainThread-0x13c004e1a00]GL ERROR :GL_INVALID_OPERATION : glRasterCHROMIUM: RasterCHROMIUM: serialization failure
[65369:12344082:0706/222245.490607:ERROR:gpu/command_buffer/service/shared_image/shared_image_representation.cc:792] Attempt to read from an uninitialized SharedImage. Initialized region: (0, 0, 0, 0) Size: (1285, 3206) Debug Label: CanvasResourceRaster_Pid:65408
[65369:12344082:0706/222245.490649:ERROR:gpu/command_buffer/service/raster_decoder.cc:267] [.RendererMainThread-0x13c004e1a00]GL ERROR :GL_INVALID_OPERATION : SharedImageProviderImpl::OpenSharedImageForRead: Couldn't access shared image for mailbox:39:1E:3D:78:D7:27:A1:9C:40:4A:FB:D9:D6:77:64:63
[65369:12344082:0706/222245.490662:ERROR:gpu/command_buffer/service/raster_decoder.cc:3052] [.RendererMainThread-0x13c004e1a00]GL ERROR :GL_INVALID_OPERATION : glRasterCHROMIUM: RasterCHROMIUM: serialization failure
[65369:12344082:0706/222245.743536:ERROR:gpu/command_buffer/service/shared_image/shared_image_representation.cc:792] Attempt to read from an uninitialized SharedImage. Initialized region: (0, 0, 0, 0) Size: (1285, 3206) Debug Label: CanvasResourceRaster_Pid:65408
[65369:12344082:0706/222245.743583:ERROR:gpu/command_buffer/service/raster_decoder.cc:267] [.RendererMainThread-0x13c004e1a00]GL ERROR :GL_INVALID_OPERATION : SharedImageProviderImpl::OpenSharedImageForRead: Couldn't access shared image for mailbox:25:21:09:D8:9C:70:A1:F3:D9:53:9C:8A:AA:A0:30:91
[65369:12344082:0706/222245.743610:ERROR:gpu/command_buffer/service/raster_decoder.cc:3052] [.RendererMainThread-0x13c004e1a00]GL ERROR :GL_INVALID_OPERATION : glRasterCHROMIUM: RasterCHROMIUM: serialization failure
[65369:12344082:0706/222245.744668:ERROR:gpu/command_buffer/service/shared_image/shared_image_representation.cc:792] Attempt to read from an uninitialized SharedImage. Initialized region: (0, 0, 0, 0) Size: (1285, 3206) Debug Label: CanvasResourceRaster_Pid:65408
[65369:12344082:0706/222245.744698:ERROR:gpu/command_buffer/service/raster_decoder.cc:267] [.RendererMainThread-0x13c004e1a00]GL ERROR :GL_INVALID_OPERATION : SharedImageProviderImpl::OpenSharedImageForRead: Couldn't access shared image for mailbox:BC:D0:AF:59:A3:88:3F:55:95:05:3C:EE:C9:AC:92:01
[65369:12344082:0706/222245.744712:ERROR:gpu/command_buffer/service/raster_decoder.cc:3052] [.RendererMainThread-0x13c004e1a00]GL ERROR :GL_INVALID_OPERATION : glRasterCHROMIUM: RasterCHROMIUM: serialization failure
[65369:12344082:0706/222245.751320:ERROR:gpu/command_buffer/service/shared_image/shared_image_representation.cc:792] Attempt to read from an uninitialized SharedImage. Initialized region: (0, 0, 0, 0) Size: (1285, 3206) Debug Label: CanvasResourceRaster_Pid:65408
[65369:12344082:0706/222245.751355:ERROR:gpu/command_buffer/service/raster_decoder.cc:267] [.RendererMainThread-0x13c004e1a00]GL ERROR :GL_INVALID_OPERATION : SharedImageProviderImpl::OpenSharedImageForRead: Couldn't access shared image for mailbox:B2:89:27:E2:4F:DD:D6:6E:07:5D:7C:5B:E2:37:8D:51
[65369:12344082:0706/222245.751387:ERROR:gpu/command_buffer/service/raster_decoder.cc:3052] [.RendererMainThread-0x13c004e1a00]GL ERROR :GL_INVALID_OPERATION : glRasterCHROMIUM: RasterCHROMIUM: serialization failure
[65369:12344082:0706/222245.997755:ERROR:gpu/command_buffer/service/shared_image/shared_image_representation.cc:792] Attempt to read from an uninitialized SharedImage. Initialized region: (0, 0, 0, 0) Size: (1285, 3206) Debug Label: CanvasResourceRaster_Pid:65408
[65369:12344082:0706/222245.997797:ERROR:gpu/command_buffer/service/raster_decoder.cc:267] [.RendererMainThread-0x13c004e1a00]GL ERROR :GL_INVALID_OPERATION : SharedImageProviderImpl::OpenSharedImageForRead: Couldn't access shared image for mailbox:EF:81:4B:E6:38:10:61:0A:14:32:EA:5C:BA:A8:58:77
[65369:12344082:0706/222245.997815:ERROR:gpu/command_buffer/service/raster_decoder.cc:3052] [.RendererMainThread-0x13c004e1a00]GL ERROR :GL_INVALID_OPERATION : glRasterCHROMIUM: RasterCHROMIUM: serialization failure
[65369:12344082:0706/222245.998776:ERROR:gpu/command_buffer/service/shared_image/shared_image_representation.cc:792] Attempt to read from an uninitialized SharedImage. Initialized region: (0, 0, 0, 0) Size: (1285, 3206) Debug Label: CanvasResourceRaster_Pid:65408
[65369:12344082:0706/222245.998804:ERROR:gpu/command_buffer/service/raster_decoder.cc:267] [.RendererMainThread-0x13c004e1a00]GL ERROR :GL_INVALID_OPERATION : SharedImageProviderImpl::OpenSharedImageForRead: Couldn't access shared image for mailbox:06:70:65:9B:18:3A:AC:DF:14:98:79:57:F3:2A:4C:13
[65369:12344082:0706/222245.998820:ERROR:gpu/command_buffer/service/raster_decoder.cc:3052] [.RendererMainThread-0x13c004e1a00]GL ERROR :GL_INVALID_OPERATION : glRasterCHROMIUM: RasterCHROMIUM: serialization failure
[65369:12344082:0706/222246.007438:ERROR:gpu/command_buffer/service/shared_image/shared_image_representation.cc:792] Attempt to read from an uninitialized SharedImage. Initialized region: (0, 0, 0, 0) Size: (1285, 3206) Debug Label: CanvasResourceRaster_Pid:65408
[65369:12344082:0706/222246.007480:ERROR:gpu/command_buffer/service/raster_decoder.cc:267] [.RendererMainThread-0x13c004e1a00]GL ERROR :GL_INVALID_OPERATION : SharedImageProviderImpl::OpenSharedImageForRead: Couldn't access shared image for mailbox:7C:0F:F0:8F:86:A9:22:A5:A6:4E:96:6F:82:CC:B4:91
[65369:12344082:0706/222246.007500:ERROR:gpu/command_buffer/service/raster_decoder.cc:3052] [.RendererMainThread-0x13c004e1a00]GL ERROR :GL_INVALID_OPERATION : glRasterCHROMIUM: RasterCHROMIUM: serialization failure
[65369:12344082:0706/222246.075222:ERROR:gpu/command_buffer/service/shared_image/shared_image_representation.cc:792] Attempt to read from an uninitialized SharedImage. Initialized region: (0, 0, 0, 0) Size: (1285, 3206) Debug Label: CanvasResourceRaster_Pid:65408
[65369:12344082:0706/222246.075264:ERROR:gpu/command_buffer/service/raster_decoder.cc:267] [.RendererMainThread-0x13c004e1a00]GL ERROR :GL_INVALID_OPERATION : SharedImageProviderImpl::OpenSharedImageForRead: Couldn't access shared image for mailbox:C3:15:5D:F5:9D:47:BB:AD:D2:06:C8:BD:C1:F4:46:03
[65369:12344082:0706/222246.075278:ERROR:gpu/command_buffer/service/raster_decoder.cc:3052] [.RendererMainThread-0x13c004e1a00]GL ERROR :GL_INVALID_OPERATION : glRasterCHROMIUM: RasterCHROMIUM: serialization failure
[65369:12344082:0706/222246.567906:ERROR:gpu/command_buffer/service/shared_image/shared_image_representation.cc:792] Attempt to read from an uninitialized SharedImage. Initialized region: (0, 0, 0, 0) Size: (1285, 2057) Debug Label: CanvasResourceRaster_Pid:65408
[65369:12344082:0706/222246.567949:ERROR:gpu/command_buffer/service/raster_decoder.cc:267] [.RendererMainThread-0x13c004e1a00]GL ERROR :GL_INVALID_OPERATION : SharedImageProviderImpl::OpenSharedImageForRead: Couldn't access shared image for mailbox:50:95:57:56:18:10:54:EF:31:F6:12:B0:ED:FB:5A:4F
[65369:12344082:0706/222246.567964:ERROR:gpu/command_buffer/service/raster_decoder.cc:3052] [.RendererMainThread-0x13c004e1a00]GL ERROR :GL_INVALID_OPERATION : glRasterCHROMIUM: RasterCHROMIUM: serialization failure
[65369:12344082:0706/222246.569639:ERROR:gpu/command_buffer/service/shared_image/shared_image_representation.cc:792] Attempt to read from an uninitialized SharedImage. Initialized region: (0, 0, 0, 0) Size: (1285, 2057) Debug Label: CanvasResourceRaster_Pid:65408
[65369:12344082:0706/222246.569670:ERROR:gpu/command_buffer/service/raster_decoder.cc:267] [.RendererMainThread-0x13c004e1a00]GL ERROR :GL_INVALID_OPERATION : SharedImageProviderImpl::OpenSharedImageForRead: Couldn't access shared image for mailbox:FE:7B:F1:70:F0:7E:BB:0E:7A:EB:65:AB:C7:52:3C:FD
[65369:12344082:0706/222246.569682:ERROR:gpu/command_buffer/service/raster_decoder.cc:3052] [.RendererMainThread-0x13c004e1a00]GL ERROR :GL_INVALID_OPERATION : glRasterCHROMIUM: RasterCHROMIUM: serialization failure
[65369:12344082:0706/222246.823818:ERROR:gpu/command_buffer/service/shared_image/shared_image_representation.cc:792] Attempt to read from an uninitialized SharedImage. Initialized region: (0, 0, 0, 0) Size: (1285, 2057) Debug Label: CanvasResourceRaster_Pid:65408
[65369:12344082:0706/222246.824932:ERROR:gpu/command_buffer/service/raster_decoder.cc:267] [.RendererMainThread-0x13c004e1a00]GL ERROR :GL_INVALID_OPERATION : SharedImageProviderImpl::OpenSharedImageForRead: Couldn't access shared image for mailbox:E7:7E:99:13:33:8E:1B:6C:C3:EF:FC:00:83:FC:18:B5
[65369:12344082:0706/222246.824977:ERROR:gpu/command_buffer/service/raster_decoder.cc:3052] [.RendererMainThread-0x13c004e1a00]GL ERROR :GL_INVALID_OPERATION : glRasterCHROMIUM: RasterCHROMIUM: serialization failure
[65369:12344082:0706/222246.826256:ERROR:gpu/command_buffer/service/shared_image/shared_image_representation.cc:792] Attempt to read from an uninitialized SharedImage. Initialized region: (0, 0, 0, 0) Size: (1285, 2057) Debug Label: CanvasResourceRaster_Pid:65408
[65369:12344082:0706/222246.829310:ERROR:gpu/command_buffer/service/raster_decoder.cc:267] [.RendererMainThread-0x13c004e1a00]GL ERROR :GL_INVALID_OPERATION : SharedImageProviderImpl::OpenSharedImageForRead: Couldn't access shared image for mailbox:30:5C:D0:DE:98:38:E2:80:2C:A1:16:59:C4:D5:01:05
[65369:12344082:0706/222246.829458:ERROR:gpu/command_buffer/service/raster_decoder.cc:3052] [.RendererMainThread-0x13c004e1a00]GL ERROR :GL_INVALID_OPERATION : glRasterCHROMIUM: RasterCHROMIUM: serialization failure
[65369:12344082:0706/222247.079092:ERROR:gpu/command_buffer/service/shared_image/shared_image_representation.cc:792] Attempt to read from an uninitialized SharedImage. Initialized region: (0, 0, 0, 0) Size: (1285, 2057) Debug Label: CanvasResourceRaster_Pid:65408
[65369:12344082:0706/222247.079141:ERROR:gpu/command_buffer/service/raster_decoder.cc:267] [.RendererMainThread-0x13c004e1a00]GL ERROR :GL_INVALID_OPERATION : SharedImageProviderImpl::OpenSharedImageForRead: Couldn't access shared image for mailbox:1E:8E:83:E8:10:76:EE:57:9A:7D:C2:CB:B3:67:7D:8F
[65369:12344082:0706/222247.079158:ERROR:gpu/command_buffer/service/raster_decoder.cc:3052] [.RendererMainThread-0x13c004e1a00]GL ERROR :GL_INVALID_OPERATION : glRasterCHROMIUM: RasterCHROMIUM: serialization failure
[65369:12344082:0706/222247.089270:ERROR:gpu/command_buffer/service/shared_image/shared_image_representation.cc:792] Attempt to read from an uninitialized SharedImage. Initialized region: (0, 0, 0, 0) Size: (1285, 2057) Debug Label: CanvasResourceRaster_Pid:65408
[65369:12344082:0706/222247.089316:ERROR:gpu/command_buffer/service/raster_decoder.cc:267] [.RendererMainThread-0x13c004e1a00]GL ERROR :GL_INVALID_OPERATION : SharedImageProviderImpl::OpenSharedImageForRead: Couldn't access shared image for mailbox:AC:14:41:86:4F:EB:A0:8C:28:97:00:22:40:D4:C6:31
[65369:12344082:0706/222247.089333:ERROR:gpu/command_buffer/service/raster_decoder.cc:3052] [.RendererMainThread-0x13c004e1a00]GL ERROR :GL_INVALID_OPERATION : glRasterCHROMIUM: RasterCHROMIUM: serialization failure
[65369:12344082:0706/222247.334172:ERROR:gpu/command_buffer/service/shared_image/shared_image_representation.cc:792] Attempt to read from an uninitialized SharedImage. Initialized region: (0, 0, 0, 0) Size: (1285, 2057) Debug Label: CanvasResourceRaster_Pid:65408
[65369:12344082:0706/222247.334230:ERROR:gpu/command_buffer/service/raster_decoder.cc:267] [.RendererMainThread-0x13c004e1a00]GL ERROR :GL_INVALID_OPERATION : SharedImageProviderImpl::OpenSharedImageForRead: Couldn't access shared image for mailbox:7C:8B:F7:12:FB:09:B6:E2:59:86:0C:25:77:8E:D1:2D
[65369:12344082:0706/222247.334247:ERROR:gpu/command_buffer/service/raster_decoder.cc:3052] [.RendererMainThread-0x13c004e1a00]GL ERROR :GL_INVALID_OPERATION : glRasterCHROMIUM: RasterCHROMIUM: serialization failure
[65369:12344082:0706/222247.344372:ERROR:gpu/command_buffer/service/shared_image/shared_image_representation.cc:792] Attempt to read from an uninitialized SharedImage. Initialized region: (0, 0, 0, 0) Size: (1285, 2057) Debug Label: CanvasResourceRaster_Pid:65408
[65369:12344082:0706/222247.344413:ERROR:gpu/command_buffer/service/raster_decoder.cc:267] [.RendererMainThread-0x13c004e1a00]GL ERROR :GL_INVALID_OPERATION : SharedImageProviderImpl::OpenSharedImageForRead: Couldn't access shared image for mailbox:63:30:47:70:24:3A:E3:8B:61:EC:1D:38:0B:54:AE:45
[65369:12344082:0706/222247.344426:ERROR:gpu/command_buffer/service/raster_decoder.cc:3052] [.RendererMainThread-0x13c004e1a00]GL ERROR :GL_INVALID_OPERATION : glRasterCHROMIUM: RasterCHROMIUM: serialization failure
[65369:12344082:0706/222247.589302:ERROR:gpu/command_buffer/service/shared_image/shared_image_representation.cc:792] Attempt to read from an uninitialized SharedImage. Initialized region: (0, 0, 0, 0) Size: (1285, 2057) Debug Label: CanvasResourceRaster_Pid:65408
[65369:12344082:0706/222247.589344:ERROR:gpu/command_buffer/service/raster_decoder.cc:267] [.RendererMainThread-0x13c004e1a00]GL ERROR :GL_INVALID_OPERATION : SharedImageProviderImpl::OpenSharedImageForRead: Couldn't access shared image for mailbox:8D:73:A4:31:B4:43:0F:2A:53:88:B1:28:5E:59:5C:DD
[65369:12344082:0706/222247.589358:ERROR:gpu/command_buffer/service/raster_decoder.cc:3052] [.RendererMainThread-0x13c004e1a00]GL ERROR :GL_INVALID_OPERATION : glRasterCHROMIUM: RasterCHROMIUM: serialization failure
[65369:12344082:0706/222247.599473:ERROR:gpu/command_buffer/service/shared_image/shared_image_representation.cc:792] Attempt to read from an uninitialized SharedImage. Initialized region: (0, 0, 0, 0) Size: (1285, 2057) Debug Label: CanvasResourceRaster_Pid:65408
[65369:12344082:0706/222247.599507:ERROR:gpu/command_buffer/service/raster_decoder.cc:267] [.RendererMainThread-0x13c004e1a00]GL ERROR :GL_INVALID_OPERATION : SharedImageProviderImpl::OpenSharedImageForRead: Couldn't access shared image for mailbox:03:CC:79:67:06:EC:87:AA:5A:17:62:1A:CF:C6:39:59
[65369:12344082:0706/222247.599524:ERROR:gpu/command_buffer/service/raster_decoder.cc:3052] [.RendererMainThread-0x13c004e1a00]GL ERROR :GL_INVALID_OPERATION : glRasterCHROMIUM: RasterCHROMIUM: serialization failure
[65369:12344082:0706/222247.844442:ERROR:gpu/command_buffer/service/shared_image/shared_image_representation.cc:792] Attempt to read from an uninitialized SharedImage. Initialized region: (0, 0, 0, 0) Size: (1285, 2057) Debug Label: CanvasResourceRaster_Pid:65408
[65369:12344082:0706/222247.844481:ERROR:gpu/command_buffer/service/raster_decoder.cc:267] [.RendererMainThread-0x13c004e1a00]GL ERROR :GL_INVALID_OPERATION : SharedImageProviderImpl::OpenSharedImageForRead: Couldn't access shared image for mailbox:49:FD:A0:2E:34:7A:F7:35:FE:84:16:AF:05:A9:F4:3F
[65369:12344082:0706/222247.844496:ERROR:gpu/command_buffer/service/raster_decoder.cc:3052] [.RendererMainThread-0x13c004e1a00]GL ERROR :GL_INVALID_OPERATION : glRasterCHROMIUM: RasterCHROMIUM: serialization failure
[65369:12344082:0706/222247.853630:ERROR:gpu/command_buffer/service/shared_image/shared_image_representation.cc:792] Attempt to read from an uninitialized SharedImage. Initialized region: (0, 0, 0, 0) Size: (1285, 2057) Debug Label: CanvasResourceRaster_Pid:65408
[65369:12344082:0706/222247.853666:ERROR:gpu/command_buffer/service/raster_decoder.cc:267] [.RendererMainThread-0x13c004e1a00]GL ERROR :GL_INVALID_OPERATION : SharedImageProviderImpl::OpenSharedImageForRead: Couldn't access shared image for mailbox:92:B2:7C:28:34:F4:00:52:97:97:8E:A7:F5:4A:11:D5
[65369:12344082:0706/222247.853690:ERROR:gpu/command_buffer/service/raster_decoder.cc:3052] [.RendererMainThread-0x13c004e1a00]GL ERROR :GL_INVALID_OPERATION : glRasterCHROMIUM: RasterCHROMIUM: serialization failure
[65369:12344082:0706/222248.099553:ERROR:gpu/command_buffer/service/shared_image/shared_image_representation.cc:792] Attempt to read from an uninitialized SharedImage. Initialized region: (0, 0, 0, 0) Size: (1285, 2057) Debug Label: CanvasResourceRaster_Pid:65408
[65369:12344082:0706/222248.099594:ERROR:gpu/command_buffer/service/raster_decoder.cc:267] [.RendererMainThread-0x13c004e1a00]GL ERROR :GL_INVALID_OPERATION : SharedImageProviderImpl::OpenSharedImageForRead: Couldn't access shared image for mailbox:40:E1:B7:D2:91:1B:60:6D:C6:42:D4:40:24:34:11:7F
[65369:12344082:0706/222248.099608:ERROR:gpu/command_buffer/service/raster_decoder.cc:3052] [.RendererMainThread-0x13c004e1a00]GL ERROR :GL_INVALID_OPERATION : glRasterCHROMIUM: RasterCHROMIUM: serialization failure
[65369:12344082:0706/222248.109796:ERROR:gpu/command_buffer/service/shared_image/shared_image_representation.cc:792] Attempt to read from an uninitialized SharedImage. Initialized region: (0, 0, 0, 0) Size: (1285, 2057) Debug Label: CanvasResourceRaster_Pid:65408
[65369:12344082:0706/222248.109838:ERROR:gpu/command_buffer/service/raster_decoder.cc:267] [.RendererMainThread-0x13c004e1a00]GL ERROR :GL_INVALID_OPERATION : SharedImageProviderImpl::OpenSharedImageForRead: Couldn't access shared image for mailbox:99:7A:8C:04:E4:BF:A5:B3:7F:28:9E:2B:02:57:DA:93
[65369:12344082:0706/222248.109852:ERROR:gpu/command_buffer/service/raster_decoder.cc:3052] [.RendererMainThread-0x13c004e1a00]GL ERROR :GL_INVALID_OPERATION : glRasterCHROMIUM: RasterCHROMIUM: serialization failure
[65369:12344082:0706/222248.354748:ERROR:gpu/command_buffer/service/shared_image/shared_image_representation.cc:792] Attempt to read from an uninitialized SharedImage. Initialized region: (0, 0, 0, 0) Size: (1285, 2057) Debug Label: CanvasResourceRaster_Pid:65408
[65369:12344082:0706/222248.354789:ERROR:gpu/command_buffer/service/raster_decoder.cc:267] [.RendererMainThread-0x13c004e1a00]GL ERROR :GL_INVALID_OPERATION : SharedImageProviderImpl::OpenSharedImageForRead: Couldn't access shared image for mailbox:F6:AE:39:6B:4F:90:BB:52:BF:F2:7D:EB:1B:31:3F:8D
[65369:12344082:0706/222248.354805:ERROR:gpu/command_buffer/service/raster_decoder.cc:3052] [.RendererMainThread-0x13c004e1a00]GL ERROR :GL_INVALID_OPERATION : glRasterCHROMIUM: RasterCHROMIUM: serialization failure
[65369:12344082:0706/222248.364835:ERROR:gpu/command_buffer/service/shared_image/shared_image_representation.cc:792] Attempt to read from an uninitialized SharedImage. Initialized region: (0, 0, 0, 0) Size: (1285, 2057) Debug Label: CanvasResourceRaster_Pid:65408
[65369:12344082:0706/222248.364874:ERROR:gpu/command_buffer/service/raster_decoder.cc:267] [.RendererMainThread-0x13c004e1a00]GL ERROR :GL_INVALID_OPERATION : SharedImageProviderImpl::OpenSharedImageForRead: Couldn't access shared image for mailbox:D7:4D:DC:5D:5D:2F:D8:21:E6:0F:4C:E0:95:D7:08:93
[65369:12344082:0706/222248.364888:ERROR:gpu/command_buffer/service/raster_decoder.cc:3052] [.RendererMainThread-0x13c004e1a00]GL ERROR :GL_INVALID_OPERATION : glRasterCHROMIUM: RasterCHROMIUM: serialization failure
[65369:12344082:0706/222248.609438:ERROR:gpu/command_buffer/service/shared_image/shared_image_representation.cc:792] Attempt to read from an uninitialized SharedImage. Initialized region: (0, 0, 0, 0) Size: (1285, 2057) Debug Label: CanvasResourceRaster_Pid:65408
[65369:12344082:0706/222248.609475:ERROR:gpu/command_buffer/service/raster_decoder.cc:267] [.RendererMainThread-0x13c004e1a00]GL ERROR :GL_INVALID_OPERATION : SharedImageProviderImpl::OpenSharedImageForRead: Couldn't access shared image for mailbox:B2:54:C6:47:C0:6C:F5:09:D4:C6:D9:2F:CA:9F:E3:4B
[65369:12344082:0706/222248.609503:ERROR:gpu/command_buffer/service/raster_decoder.cc:3052] [.RendererMainThread-0x13c004e1a00]GL ERROR :GL_INVALID_OPERATION : glRasterCHROMIUM: RasterCHROMIUM: serialization failure
[65369:12344082:0706/222248.620165:ERROR:gpu/command_buffer/service/shared_image/shared_image_representation.cc:792] Attempt to read from an uninitialized SharedImage. Initialized region: (0, 0, 0, 0) Size: (1285, 2057) Debug Label: CanvasResourceRaster_Pid:65408
[65369:12344082:0706/222248.620197:ERROR:gpu/command_buffer/service/raster_decoder.cc:267] [.RendererMainThread-0x13c004e1a00]GL ERROR :GL_INVALID_OPERATION : SharedImageProviderImpl::OpenSharedImageForRead: Couldn't access shared image for mailbox:06:DD:94:E2:5A:75:B1:08:E9:AA:6D:0D:EE:36:65:F3
[65369:12344082:0706/222248.620212:ERROR:gpu/command_buffer/service/raster_decoder.cc:3052] [.RendererMainThread-0x13c004e1a00]GL ERROR :GL_INVALID_OPERATION : glRasterCHROMIUM: RasterCHROMIUM: serialization failure
[65369:12344082:0706/222248.864925:ERROR:gpu/command_buffer/service/shared_image/shared_image_representation.cc:792] Attempt to read from an uninitialized SharedImage. Initialized region: (0, 0, 0, 0) Size: (1285, 2057) Debug Label: CanvasResourceRaster_Pid:65408
[65369:12344082:0706/222248.864967:ERROR:gpu/command_buffer/service/raster_decoder.cc:267] [.RendererMainThread-0x13c004e1a00]GL ERROR :GL_INVALID_OPERATION : SharedImageProviderImpl::OpenSharedImageForRead: Couldn't access shared image for mailbox:B5:87:CE:FB:12:27:B2:9B:41:B6:A2:46:38:7A:08:CD
[65369:12344082:0706/222248.864980:ERROR:gpu/command_buffer/service/raster_decoder.cc:3052] [.RendererMainThread-0x13c004e1a00]GL ERROR :GL_INVALID_OPERATION : glRasterCHROMIUM: RasterCHROMIUM: serialization failure
[65369:12344082:0706/222248.874106:ERROR:gpu/command_buffer/service/shared_image/shared_image_representation.cc:792] Attempt to read from an uninitialized SharedImage. Initialized region: (0, 0, 0, 0) Size: (1285, 2057) Debug Label: CanvasResourceRaster_Pid:65408
[65369:12344082:0706/222248.874140:ERROR:gpu/command_buffer/service/raster_decoder.cc:267] [.RendererMainThread-0x13c004e1a00]GL ERROR :GL_INVALID_OPERATION : SharedImageProviderImpl::OpenSharedImageForRead: Couldn't access shared image for mailbox:43:3F:F7:C5:5F:13:E4:76:3F:04:EA:21:7E:6E:68:DF
[65369:12344082:0706/222248.874153:ERROR:gpu/command_buffer/service/raster_decoder.cc:3052] [.RendererMainThread-0x13c004e1a00]GL ERROR :GL_INVALID_OPERATION : glRasterCHROMIUM: RasterCHROMIUM: serialization failure
[65369:12344082:0706/222249.120179:ERROR:gpu/command_buffer/service/shared_image/shared_image_representation.cc:792] Attempt to read from an uninitialized SharedImage. Initialized region: (0, 0, 0, 0) Size: (1285, 2057) Debug Label: CanvasResourceRaster_Pid:65408
[65369:12344082:0706/222249.120222:ERROR:gpu/command_buffer/service/raster_decoder.cc:267] [.RendererMainThread-0x13c004e1a00]GL ERROR :GL_INVALID_OPERATION : SharedImageProviderImpl::OpenSharedImageForRead: Couldn't access shared image for mailbox:26:37:7D:13:33:90:83:26:28:0C:B0:7C:0A:31:AA:5D
[65369:12344082:0706/222249.120237:ERROR:gpu/command_buffer/service/raster_decoder.cc:3052] [.RendererMainThread-0x13c004e1a00]GL ERROR :GL_INVALID_OPERATION : glRasterCHROMIUM: RasterCHROMIUM: serialization failure
[65369:12344082:0706/222249.129336:ERROR:gpu/command_buffer/service/shared_image/shared_image_representation.cc:792] Attempt to read from an uninitialized SharedImage. Initialized region: (0, 0, 0, 0) Size: (1285, 2057) Debug Label: CanvasResourceRaster_Pid:65408
[65369:12344082:0706/222249.129377:ERROR:gpu/command_buffer/service/raster_decoder.cc:267] [.RendererMainThread-0x13c004e1a00]GL ERROR :GL_INVALID_OPERATION : SharedImageProviderImpl::OpenSharedImageForRead: Couldn't access shared image for mailbox:DD:98:1E:09:29:F3:55:CB:39:9A:8A:5E:81:88:97:71
[65369:12344082:0706/222249.129390:ERROR:gpu/command_buffer/service/raster_decoder.cc:3052] [.RendererMainThread-0x13c004e1a00]GL ERROR :GL_INVALID_OPERATION : glRasterCHROMIUM: RasterCHROMIUM: serialization failure
[65369:12344082:0706/222249.375324:ERROR:gpu/command_buffer/service/shared_image/shared_image_representation.cc:792] Attempt to read from an uninitialized SharedImage. Initialized region: (0, 0, 0, 0) Size: (1285, 2057) Debug Label: CanvasResourceRaster_Pid:65408
[65369:12344082:0706/222249.375369:ERROR:gpu/command_buffer/service/raster_decoder.cc:267] [.RendererMainThread-0x13c004e1a00]GL ERROR :GL_INVALID_OPERATION : SharedImageProviderImpl::OpenSharedImageForRead: Couldn't access shared image for mailbox:03:EB:19:BE:B6:E6:18:10:79:F4:17:F7:33:EE:39:1F
[65369:12344082:0706/222249.375384:ERROR:gpu/command_buffer/service/raster_decoder.cc:3052] [.RendererMainThread-0x13c004e1a00]GL ERROR :GL_INVALID_OPERATION : glRasterCHROMIUM: RasterCHROMIUM: serialization failure
[65369:12344082:0706/222249.384881:ERROR:gpu/command_buffer/service/shared_image/shared_image_representation.cc:792] Attempt to read from an uninitialized SharedImage. Initialized region: (0, 0, 0, 0) Size: (1285, 2057) Debug Label: CanvasResourceRaster_Pid:65408
[65369:12344082:0706/222249.384924:ERROR:gpu/command_buffer/service/raster_decoder.cc:267] [.RendererMainThread-0x13c004e1a00]GL ERROR :GL_INVALID_OPERATION : SharedImageProviderImpl::OpenSharedImageForRead: Couldn't access shared image for mailbox:76:08:03:68:88:85:C7:FE:16:F8:8B:B7:A9:CF:30:E9
[65369:12344082:0706/222249.384938:ERROR:gpu/command_buffer/service/raster_decoder.cc:3052] [.RendererMainThread-0x13c004e1a00]GL ERROR :GL_INVALID_OPERATION : glRasterCHROMIUM: RasterCHROMIUM: serialization failure
[65369:12344082:0706/222249.630430:ERROR:gpu/command_buffer/service/shared_image/shared_image_representation.cc:792] Attempt to read from an uninitialized SharedImage. Initialized region: (0, 0, 0, 0) Size: (1285, 2057) Debug Label: CanvasResourceRaster_Pid:65408
[65369:12344082:0706/222249.630471:ERROR:gpu/command_buffer/service/raster_decoder.cc:267] [.RendererMainThread-0x13c004e1a00]GL ERROR :GL_INVALID_OPERATION : SharedImageProviderImpl::OpenSharedImageForRead: Couldn't access shared image for mailbox:A8:13:65:01:F4:F6:6D:1B:7E:9C:2D:4A:9A:80:FA:35
[65369:12344082:0706/222249.630485:ERROR:gpu/command_buffer/service/raster_decoder.cc:3052] [.RendererMainThread-0x13c004e1a00]GL ERROR :GL_INVALID_OPERATION : glRasterCHROMIUM: RasterCHROMIUM: serialization failure
[65369:12344082:0706/222249.639604:ERROR:gpu/command_buffer/service/shared_image/shared_image_representation.cc:792] Attempt to read from an uninitialized SharedImage. Initialized region: (0, 0, 0, 0) Size: (1285, 2057) Debug Label: CanvasResourceRaster_Pid:65408
[65369:12344082:0706/222249.639647:ERROR:gpu/command_buffer/service/raster_decoder.cc:267] [.RendererMainThread-0x13c004e1a00]GL ERROR :GL_INVALID_OPERATION : SharedImageProviderImpl::OpenSharedImageForRead: Couldn't access shared image for mailbox:2C:22:0D:76:78:AF:40:10:DA:88:68:98:CB:39:EA:31
[65369:12344082:0706/222249.639662:ERROR:gpu/command_buffer/service/raster_decoder.cc:3052] [.RendererMainThread-0x13c004e1a00]GL ERROR :GL_INVALID_OPERATION : glRasterCHROMIUM: RasterCHROMIUM: serialization failure
[65369:12344082:0706/222249.885475:ERROR:gpu/command_buffer/service/shared_image/shared_image_representation.cc:792] Attempt to read from an uninitialized SharedImage. Initialized region: (0, 0, 0, 0) Size: (1285, 2057) Debug Label: CanvasResourceRaster_Pid:65408
[65369:12344082:0706/222249.885521:ERROR:gpu/command_buffer/service/raster_decoder.cc:267] [.RendererMainThread-0x13c004e1a00]GL ERROR :GL_INVALID_OPERATION : SharedImageProviderImpl::OpenSharedImageForRead: Couldn't access shared image for mailbox:4F:C0:C6:B2:6E:FD:58:2D:20:09:CD:CC:0E:58:02:11
[65369:12344082:0706/222249.885535:ERROR:gpu/command_buffer/service/raster_decoder.cc:3052] [.RendererMainThread-0x13c004e1a00]GL ERROR :GL_INVALID_OPERATION : glRasterCHROMIUM: RasterCHROMIUM: serialization failure
[65369:12344082:0706/222249.895761:ERROR:gpu/command_buffer/service/shared_image/shared_image_representation.cc:792] Attempt to read from an uninitialized SharedImage. Initialized region: (0, 0, 0, 0) Size: (1285, 2057) Debug Label: CanvasResourceRaster_Pid:65408
[65369:12344082:0706/222249.895811:ERROR:gpu/command_buffer/service/raster_decoder.cc:267] [.RendererMainThread-0x13c004e1a00]GL ERROR :GL_INVALID_OPERATION : SharedImageProviderImpl::OpenSharedImageForRead: Couldn't access shared image for mailbox:D0:1E:47:C6:CC:BA:E3:3F:D0:15:6C:17:BB:43:09:7F
[65369:12344082:0706/222249.895830:ERROR:gpu/command_buffer/service/raster_decoder.cc:3052] [.RendererMainThread-0x13c004e1a00]GL ERROR :GL_INVALID_OPERATION : glRasterCHROMIUM: RasterCHROMIUM: serialization failure
[65369:12344082:0706/222250.140801:ERROR:gpu/command_buffer/service/shared_image/shared_image_representation.cc:792] Attempt to read from an uninitialized SharedImage. Initialized region: (0, 0, 0, 0) Size: (1285, 2057) Debug Label: CanvasResourceRaster_Pid:65408
[65369:12344082:0706/222250.140844:ERROR:gpu/command_buffer/service/raster_decoder.cc:267] [.RendererMainThread-0x13c004e1a00]GL ERROR :GL_INVALID_OPERATION : SharedImageProviderImpl::OpenSharedImageForRead: Couldn't access shared image for mailbox:82:64:4C:0A:3D:B5:07:04:89:65:05:EE:95:7C:EE:E9
[65369:12344082:0706/222250.140858:ERROR:gpu/command_buffer/service/raster_decoder.cc:3052] [.RendererMainThread-0x13c004e1a00]GL ERROR :GL_INVALID_OPERATION : glRasterCHROMIUM: RasterCHROMIUM: serialization failure
[65369:12344082:0706/222250.150879:ERROR:gpu/command_buffer/service/shared_image/shared_image_representation.cc:792] Attempt to read from an uninitialized SharedImage. Initialized region: (0, 0, 0, 0) Size: (1285, 2057) Debug Label: CanvasResourceRaster_Pid:65408
[65369:12344082:0706/222250.150912:ERROR:gpu/command_buffer/service/raster_decoder.cc:267] [.RendererMainThread-0x13c004e1a00]GL ERROR :GL_INVALID_OPERATION : SharedImageProviderImpl::OpenSharedImageForRead: Couldn't access shared image for mailbox:DD:18:74:6C:A6:E2:48:2B:F5:89:26:0D:2C:AC:31:2D
[65369:12344082:0706/222250.150925:ERROR:gpu/command_buffer/service/raster_decoder.cc:3052] [.RendererMainThread-0x13c004e1a00]GL ERROR :GL_INVALID_OPERATION : glRasterCHROMIUM: RasterCHROMIUM: serialization failure
[65369:12344082:0706/222250.355919:ERROR:gpu/command_buffer/service/shared_image/shared_image_representation.cc:792] Attempt to read from an uninitialized SharedImage. Initialized region: (0, 0, 0, 0) Size: (1285, 2057) Debug Label: CanvasResourceRaster_Pid:65408
[65369:12344082:0706/222250.355948:ERROR:gpu/command_buffer/service/raster_decoder.cc:267] [.RendererMainThread-0x13c004e1a00]GL ERROR :GL_INVALID_OPERATION : SharedImageProviderImpl::OpenSharedImageForRead: Couldn't access shared image for mailbox:3A:90:E6:3C:1B:9F:0C:C0:5D:FA:70:F4:BE:15:19:4D
[65369:12344082:0706/222250.355961:ERROR:gpu/command_buffer/service/raster_decoder.cc:3052] [.RendererMainThread-0x13c004e1a00]GL ERROR :GL_INVALID_OPERATION : glRasterCHROMIUM: RasterCHROMIUM: serialization failure
[65369:12344082:0706/222250.357734:ERROR:gpu/command_buffer/service/shared_image/shared_image_representation.cc:792] Attempt to read from an uninitialized SharedImage. Initialized region: (0, 0, 0, 0) Size: (1285, 2057) Debug Label: CanvasResourceRaster_Pid:65408
[65369:12344082:0706/222250.357773:ERROR:gpu/command_buffer/service/raster_decoder.cc:267] [.RendererMainThread-0x13c004e1a00]GL ERROR :GL_INVALID_OPERATION : SharedImageProviderImpl::OpenSharedImageForRead: Couldn't access shared image for mailbox:9B:52:34:46:2F:0F:1F:11:BA:01:F8:FD:6B:C4:B8:FF
[65369:12344082:0706/222250.357786:ERROR:gpu/command_buffer/service/raster_decoder.cc:3052] [.RendererMainThread-0x13c004e1a00]GL ERROR :GL_INVALID_OPERATION : glRasterCHROMIUM: RasterCHROMIUM: serialization failure
[65369:12344082:0706/222250.360891:ERROR:gpu/command_buffer/service/shared_image/shared_image_representation.cc:792] Attempt to read from an uninitialized SharedImage. Initialized region: (0, 0, 0, 0) Size: (1285, 2057) Debug Label: CanvasResourceRaster_Pid:65408
[65369:12344082:0706/222250.360925:ERROR:gpu/command_buffer/service/raster_decoder.cc:267] [.RendererMainThread-0x13c004e1a00]GL ERROR :GL_INVALID_OPERATION : SharedImageProviderImpl::OpenSharedImageForRead: Couldn't access shared image for mailbox:42:1E:88:A2:34:74:21:D6:8E:CD:62:BA:1E:64:97:09
[65369:12344082:0706/222250.360949:ERROR:gpu/command_buffer/service/raster_decoder.cc:3052] [.RendererMainThread-0x13c004e1a00]GL ERROR :GL_INVALID_OPERATION : glRasterCHROMIUM: RasterCHROMIUM: serialization failure
[65751:12346050:0706/222251.739986:VERBOSE1:chrome/updater/updater.cc:374] Version: 151.0.7910.0, opt, ARM_64, command line: /Users/mkbabb/Library/Application Support/Google/GoogleUpdater/151.0.7910.0/GoogleUpdater.app/Contents/MacOS/GoogleUpdater --wake-all --enable-logging --vmodule=*/components/update_client/*=2,*/chrome/enterprise_companion/*=2,*/chrome/updater/*=2
[65751:12346050:0706/222251.740165:VERBOSE1:chrome/updater/updater.cc:377] OS version: 26.4.1, arch: arm64, System uptime (seconds): 184928, parent pid: 65361
[65751:12346050:0706/222251.741636:VERBOSE1:chrome/updater/updater.cc:382] Available disk space in install directory (/Users/mkbabb/Library/Application Support/Google/GoogleUpdater): 757620908032B (705.589GiB) / 1995165736960B (1.815TiB)
[65751:12346050:0706/222251.741649:VERBOSE1:chrome/updater/updater.cc:386] Available disk space in temporary directory (/var/folders/ld/20j4p2791k5_90_0ccgx2txm0000gr/T/): 757620908032B (705.589GiB) / 1995165736960B (1.815TiB)
[65751:12346050:0706/222251.741704:VERBOSE2:chrome/updater/event_history.cc:265] Emitted a UPDATER_PROCESS START event to the history log
[65753:12346054:0706/222251.750948:VERBOSE1:chrome/updater/updater.cc:374] Version: 151.0.7910.0, opt, ARM_64, command line: /Users/mkbabb/Library/Application Support/Google/GoogleUpdater/151.0.7910.0/GoogleUpdater.app/Contents/MacOS/GoogleUpdater --crash-handler --database=/Users/mkbabb/Library/Application Support/Google/GoogleUpdater/151.0.7910.0/Crashpad --url=https://clients2.google.com/cr/report --annotation=prod=Update4 --annotation=ver=151.0.7910.0 --handshake-fd=6 --enable-logging --vmodule=*/components/update_client/*=2,*/chrome/enterprise_companion/*=2,*/chrome/updater/*=2
[65753:12346054:0706/222251.751177:VERBOSE1:chrome/updater/updater.cc:377] OS version: 26.4.1, arch: arm64, System uptime (seconds): 184928, parent pid: 1
[65753:12346054:0706/222251.752984:VERBOSE1:chrome/updater/updater.cc:382] Available disk space in install directory (/Users/mkbabb/Library/Application Support/Google/GoogleUpdater): 757620903936B (705.589GiB) / 1995165736960B (1.815TiB)
[65753:12346054:0706/222251.753118:VERBOSE1:chrome/updater/updater.cc:386] Available disk space in temporary directory (/var/folders/ld/20j4p2791k5_90_0ccgx2txm0000gr/T/): 757620903936B (705.589GiB) / 1995165736960B (1.815TiB)
[65753:12346054:0706/222251.753298:VERBOSE2:chrome/updater/event_history.cc:265] Emitted a UPDATER_PROCESS START event to the history log
[65751:12346050:0706/222251.754108:VERBOSE1:chrome/updater/crash_reporter.cc:124] Crash handler launched and ready.
[65751:12346050:0706/222251.754789:VERBOSE1:chrome/updater/crash_client.cc:108] Found 0 completed crash reports
[65751:12346050:0706/222251.754858:VERBOSE1:chrome/updater/crash_client.cc:132] Found 0 pending crash reports
[65751:12346050:0706/222251.754940:ERROR:third_party/crashpad/crashpad/util/file/file_io_posix.cc:145] open /Users/mkbabb/Library/Application Support/Google/Chrome Dev/Crashpad/settings.dat: No such file or directory (2)
[65751:12346050:0706/222251.754951:ERROR:third_party/crashpad/crashpad/util/file/file_io_posix.cc:145] open /Users/mkbabb/Library/Application Support/Google/RLZ/Crashpad/settings.dat: No such file or directory (2)
[65751:12346050:0706/222251.754958:ERROR:third_party/crashpad/crashpad/util/file/file_io_posix.cc:145] open /Users/mkbabb/Library/Application Support/Google/Chrome Beta/Crashpad/settings.dat: No such file or directory (2)
[65751:12346050:0706/222251.755134:VERBOSE1:chrome/updater/updater.cc:105] Crash reporting initialized.
[65751:12346063:0706/222251.755472:VERBOSE1:chrome/updater/app/app_wakeall.cc:58] Launching `/Users/mkbabb/Library/Application Support/Google/GoogleUpdater/151.0.7910.0/GoogleUpdater.app/Contents/MacOS/GoogleUpdater --wake`
[65754:12346067:0706/222251.762137:VERBOSE1:chrome/updater/updater.cc:374] Version: 151.0.7910.0, opt, ARM_64, command line: /Users/mkbabb/Library/Application Support/Google/GoogleUpdater/151.0.7910.0/GoogleUpdater.app/Contents/MacOS/GoogleUpdater --wake --enable-logging --vmodule=*/components/update_client/*=2,*/chrome/enterprise_companion/*=2,*/chrome/updater/*=2
[65754:12346067:0706/222251.762306:VERBOSE1:chrome/updater/updater.cc:377] OS version: 26.4.1, arch: arm64, System uptime (seconds): 184928, parent pid: 65751
[65754:12346067:0706/222251.764736:VERBOSE1:chrome/updater/updater.cc:382] Available disk space in install directory (/Users/mkbabb/Library/Application Support/Google/GoogleUpdater): 757620899840B (705.589GiB) / 1995165736960B (1.815TiB)
[65754:12346067:0706/222251.764777:VERBOSE1:chrome/updater/updater.cc:386] Available disk space in temporary directory (/var/folders/ld/20j4p2791k5_90_0ccgx2txm0000gr/T/): 757620899840B (705.589GiB) / 1995165736960B (1.815TiB)
[65754:12346067:0706/222251.764906:VERBOSE2:chrome/updater/event_history.cc:265] Emitted a UPDATER_PROCESS START event to the history log
[65756:12346071:0706/222251.772591:VERBOSE1:chrome/updater/updater.cc:374] Version: 151.0.7910.0, opt, ARM_64, command line: /Users/mkbabb/Library/Application Support/Google/GoogleUpdater/151.0.7910.0/GoogleUpdater.app/Contents/MacOS/GoogleUpdater --crash-handler --database=/Users/mkbabb/Library/Application Support/Google/GoogleUpdater/151.0.7910.0/Crashpad --url=https://clients2.google.com/cr/report --annotation=prod=Update4 --annotation=ver=151.0.7910.0 --handshake-fd=6 --enable-logging --vmodule=*/components/update_client/*=2,*/chrome/enterprise_companion/*=2,*/chrome/updater/*=2
[65756:12346071:0706/222251.772757:VERBOSE1:chrome/updater/updater.cc:377] OS version: 26.4.1, arch: arm64, System uptime (seconds): 184928, parent pid: 1
[65756:12346071:0706/222251.774696:VERBOSE1:chrome/updater/updater.cc:382] Available disk space in install directory (/Users/mkbabb/Library/Application Support/Google/GoogleUpdater): 757620895744B (705.589GiB) / 1995165736960B (1.815TiB)
[65756:12346071:0706/222251.774726:VERBOSE1:chrome/updater/updater.cc:386] Available disk space in temporary directory (/var/folders/ld/20j4p2791k5_90_0ccgx2txm0000gr/T/): 757620895744B (705.589GiB) / 1995165736960B (1.815TiB)
[65756:12346071:0706/222251.774793:VERBOSE2:chrome/updater/event_history.cc:265] Emitted a UPDATER_PROCESS START event to the history log
[65754:12346067:0706/222251.775248:VERBOSE1:chrome/updater/crash_reporter.cc:124] Crash handler launched and ready.
[65754:12346067:0706/222251.775764:VERBOSE1:chrome/updater/crash_client.cc:108] Found 0 completed crash reports
[65754:12346067:0706/222251.775822:VERBOSE1:chrome/updater/crash_client.cc:132] Found 0 pending crash reports
[65754:12346067:0706/222251.775896:ERROR:third_party/crashpad/crashpad/util/file/file_io_posix.cc:145] open /Users/mkbabb/Library/Application Support/Google/Chrome Dev/Crashpad/settings.dat: No such file or directory (2)
[65754:12346067:0706/222251.775905:ERROR:third_party/crashpad/crashpad/util/file/file_io_posix.cc:145] open /Users/mkbabb/Library/Application Support/Google/RLZ/Crashpad/settings.dat: No such file or directory (2)
[65754:12346067:0706/222251.775912:ERROR:third_party/crashpad/crashpad/util/file/file_io_posix.cc:145] open /Users/mkbabb/Library/Application Support/Google/Chrome Beta/Crashpad/settings.dat: No such file or directory (2)
[65754:12346067:0706/222251.776057:VERBOSE1:chrome/updater/updater.cc:105] Crash reporting initialized.
[65754:12346067:0706/222251.776218:VERBOSE1:chrome/updater/ipc/update_service_internal_proxy_mojo.cc:61] Run
[65369:12344082:0706/222254.998882:ERROR:gpu/command_buffer/service/shared_image/shared_image_representation.cc:792] Attempt to read from an uninitialized SharedImage. Initialized region: (0, 0, 0, 0) Size: (1285, 656) Debug Label: CanvasResourceRaster_Pid:65408
[65369:12344082:0706/222254.998913:ERROR:gpu/command_buffer/service/raster_decoder.cc:267] [.RendererMainThread-0x13c004e1a00]GL ERROR :GL_INVALID_OPERATION : SharedImageProviderImpl::OpenSharedImageForRead: Couldn't access shared image for mailbox:E2:15:4B:17:D4:13:D3:0D:2B:7A:65:B9:76:1A:5E:21
[65369:12344082:0706/222254.998937:ERROR:gpu/command_buffer/service/raster_decoder.cc:3052] [.RendererMainThread-0x13c004e1a00]GL ERROR :GL_INVALID_OPERATION : glRasterCHROMIUM: RasterCHROMIUM: serialization failure
[65369:12344082:0706/222255.000112:ERROR:gpu/command_buffer/service/shared_image/shared_image_representation.cc:792] Attempt to read from an uninitialized SharedImage. Initialized region: (0, 0, 0, 0) Size: (1285, 656) Debug Label: CanvasResourceRaster_Pid:65408
[65369:12344082:0706/222255.000145:ERROR:gpu/command_buffer/service/raster_decoder.cc:267] [.RendererMainThread-0x13c004e1a00]GL ERROR :GL_INVALID_OPERATION : SharedImageProviderImpl::OpenSharedImageForRead: Couldn't access shared image for mailbox:4F:91:9D:8A:0F:3C:92:02:96:C1:29:2C:11:DE:17:F1
[65369:12344082:0706/222255.000155:ERROR:gpu/command_buffer/service/raster_decoder.cc:3052] [.RendererMainThread-0x13c004e1a00]GL ERROR :GL_INVALID_OPERATION : glRasterCHROMIUM: RasterCHROMIUM: serialization failure
[65369:12344082:0706/222255.253888:ERROR:gpu/command_buffer/service/shared_image/shared_image_representation.cc:792] Attempt to read from an uninitialized SharedImage. Initialized region: (0, 0, 0, 0) Size: (1285, 656) Debug Label: CanvasResourceRaster_Pid:65408
[65369:12344082:0706/222255.253930:ERROR:gpu/command_buffer/service/raster_decoder.cc:267] [.RendererMainThread-0x13c004e1a00]GL ERROR :GL_INVALID_OPERATION : SharedImageProviderImpl::OpenSharedImageForRead: Couldn't access shared image for mailbox:B8:5E:7E:D8:9D:FB:D4:02:C5:64:79:4A:D2:51:E3:4B
[65369:12344082:0706/222255.253944:ERROR:gpu/command_buffer/service/raster_decoder.cc:3052] [.RendererMainThread-0x13c004e1a00]GL ERROR :GL_INVALID_OPERATION : glRasterCHROMIUM: RasterCHROMIUM: serialization failure
[65369:12344082:0706/222255.255152:ERROR:gpu/command_buffer/service/shared_image/shared_image_representation.cc:792] Attempt to read from an uninitialized SharedImage. Initialized region: (0, 0, 0, 0) Size: (1285, 656) Debug Label: CanvasResourceRaster_Pid:65408
[65369:12344082:0706/222255.255175:ERROR:gpu/command_buffer/service/raster_decoder.cc:267] [.RendererMainThread-0x13c004e1a00]GL ERROR :GL_INVALID_OPERATION : SharedImageProviderImpl::OpenSharedImageForRead: Couldn't access shared image for mailbox:C7:8F:E5:5C:04:29:15:48:AE:13:31:A7:4D:DB:57:5B
[65369:12344082:0706/222255.255186:ERROR:gpu/command_buffer/service/raster_decoder.cc:3052] [.RendererMainThread-0x13c004e1a00]GL ERROR :GL_INVALID_OPERATION : glRasterCHROMIUM: RasterCHROMIUM: serialization failure
[65369:12344082:0706/222255.508954:ERROR:gpu/command_buffer/service/shared_image/shared_image_representation.cc:792] Attempt to read from an uninitialized SharedImage. Initialized region: (0, 0, 0, 0) Size: (1285, 656) Debug Label: CanvasResourceRaster_Pid:65408
[65369:12344082:0706/222255.508992:ERROR:gpu/command_buffer/service/raster_decoder.cc:267] [.RendererMainThread-0x13c004e1a00]GL ERROR :GL_INVALID_OPERATION : SharedImageProviderImpl::OpenSharedImageForRead: Couldn't access shared image for mailbox:61:9F:A8:59:38:1D:19:9B:E1:F4:FD:6B:38:EA:1D:2D
[65369:12344082:0706/222255.509005:ERROR:gpu/command_buffer/service/raster_decoder.cc:3052] [.RendererMainThread-0x13c004e1a00]GL ERROR :GL_INVALID_OPERATION : glRasterCHROMIUM: RasterCHROMIUM: serialization failure
[65369:12344082:0706/222255.509854:ERROR:gpu/command_buffer/service/shared_image/shared_image_representation.cc:792] Attempt to read from an uninitialized SharedImage. Initialized region: (0, 0, 0, 0) Size: (1285, 656) Debug Label: CanvasResourceRaster_Pid:65408
[65369:12344082:0706/222255.509880:ERROR:gpu/command_buffer/service/raster_decoder.cc:267] [.RendererMainThread-0x13c004e1a00]GL ERROR :GL_INVALID_OPERATION : SharedImageProviderImpl::OpenSharedImageForRead: Couldn't access shared image for mailbox:3D:83:7A:D4:50:C0:BE:43:7C:45:6E:62:73:4A:AB:CF
[65369:12344082:0706/222255.509891:ERROR:gpu/command_buffer/service/raster_decoder.cc:3052] [.RendererMainThread-0x13c004e1a00]GL ERROR :GL_INVALID_OPERATION : glRasterCHROMIUM: RasterCHROMIUM: serialization failure
[65369:12344082:0706/222255.764332:ERROR:gpu/command_buffer/service/shared_image/shared_image_representation.cc:792] Attempt to read from an uninitialized SharedImage. Initialized region: (0, 0, 0, 0) Size: (1285, 656) Debug Label: CanvasResourceRaster_Pid:65408
[65369:12344082:0706/222255.764367:ERROR:gpu/command_buffer/service/raster_decoder.cc:267] [.RendererMainThread-0x13c004e1a00]GL ERROR :GL_INVALID_OPERATION : SharedImageProviderImpl::OpenSharedImageForRead: Couldn't access shared image for mailbox:46:C8:A6:A4:3A:C4:84:E3:E0:AD:B1:27:35:04:25:AB
[65369:12344082:0706/222255.764381:ERROR:gpu/command_buffer/service/raster_decoder.cc:3052] [.RendererMainThread-0x13c004e1a00]GL ERROR :GL_INVALID_OPERATION : glRasterCHROMIUM: RasterCHROMIUM: serialization failure
[65369:12344082:0706/222255.765677:ERROR:gpu/command_buffer/service/shared_image/shared_image_representation.cc:792] Attempt to read from an uninitialized SharedImage. Initialized region: (0, 0, 0, 0) Size: (1285, 656) Debug Label: CanvasResourceRaster_Pid:65408
[65369:12344082:0706/222255.765705:ERROR:gpu/command_buffer/service/raster_decoder.cc:267] [.RendererMainThread-0x13c004e1a00]GL ERROR :GL_INVALID_OPERATION : SharedImageProviderImpl::OpenSharedImageForRead: Couldn't access shared image for mailbox:EF:02:50:8A:39:5F:6B:91:26:1E:DB:CF:D3:8E:C7:2F
[65369:12344082:0706/222255.765716:ERROR:gpu/command_buffer/service/raster_decoder.cc:3052] [.RendererMainThread-0x13c004e1a00]GL ERROR :GL_INVALID_OPERATION : glRasterCHROMIUM: RasterCHROMIUM: serialization failure
[65369:12344082:0706/222256.019205:ERROR:gpu/command_buffer/service/shared_image/shared_image_representation.cc:792] Attempt to read from an uninitialized SharedImage. Initialized region: (0, 0, 0, 0) Size: (1285, 656) Debug Label: CanvasResourceRaster_Pid:65408
[65369:12344082:0706/222256.019248:ERROR:gpu/command_buffer/service/raster_decoder.cc:267] [.RendererMainThread-0x13c004e1a00]GL ERROR :GL_INVALID_OPERATION : SharedImageProviderImpl::OpenSharedImageForRead: Couldn't access shared image for mailbox:B2:87:3E:83:E8:E0:DC:5C:E5:21:15:83:90:32:95:A7
[65369:12344082:0706/222256.019263:ERROR:gpu/command_buffer/service/raster_decoder.cc:3052] [.RendererMainThread-0x13c004e1a00]GL ERROR :GL_INVALID_OPERATION : glRasterCHROMIUM: RasterCHROMIUM: serialization failure
[65369:12344082:0706/222256.020812:ERROR:gpu/command_buffer/service/shared_image/shared_image_representation.cc:792] Attempt to read from an uninitialized SharedImage. Initialized region: (0, 0, 0, 0) Size: (1285, 656) Debug Label: CanvasResourceRaster_Pid:65408
[65369:12344082:0706/222256.020845:ERROR:gpu/command_buffer/service/raster_decoder.cc:267] [.RendererMainThread-0x13c004e1a00]GL ERROR :GL_INVALID_OPERATION : SharedImageProviderImpl::OpenSharedImageForRead: Couldn't access shared image for mailbox:BC:03:14:D4:32:7C:5F:62:5E:F9:46:27:AB:B3:A9:19
[65369:12344082:0706/222256.020859:ERROR:gpu/command_buffer/service/raster_decoder.cc:3052] [.RendererMainThread-0x13c004e1a00]GL ERROR :GL_INVALID_OPERATION : glRasterCHROMIUM: RasterCHROMIUM: serialization failure
[65369:12344082:0706/222256.273914:ERROR:gpu/command_buffer/service/shared_image/shared_image_representation.cc:792] Attempt to read from an uninitialized SharedImage. Initialized region: (0, 0, 0, 0) Size: (1285, 656) Debug Label: CanvasResourceRaster_Pid:65408
[65369:12344082:0706/222256.273953:ERROR:gpu/command_buffer/service/raster_decoder.cc:267] [.RendererMainThread-0x13c004e1a00]GL ERROR :GL_INVALID_OPERATION : SharedImageProviderImpl::OpenSharedImageForRead: Couldn't access shared image for mailbox:D5:4C:9C:4A:48:0E:B1:48:F6:18:EC:D8:D5:EF:A6:5D
[65369:12344082:0706/222256.273967:ERROR:gpu/command_buffer/service/raster_decoder.cc:3052] [.RendererMainThread-0x13c004e1a00]GL ERROR :GL_INVALID_OPERATION : glRasterCHROMIUM: RasterCHROMIUM: serialization failure
[65369:12344082:0706/222256.274771:ERROR:gpu/command_buffer/service/shared_image/shared_image_representation.cc:792] Attempt to read from an uninitialized SharedImage. Initialized region: (0, 0, 0, 0) Size: (1285, 656) Debug Label: CanvasResourceRaster_Pid:65408
[65369:12344082:0706/222256.274792:ERROR:gpu/command_buffer/service/raster_decoder.cc:267] [.RendererMainThread-0x13c004e1a00]GL ERROR :GL_INVALID_OPERATION : SharedImageProviderImpl::OpenSharedImageForRead: Couldn't access shared image for mailbox:3A:C8:CB:22:EC:5A:D0:B2:7D:5F:20:10:A3:E3:0F:33
[65369:12344082:0706/222256.274802:ERROR:gpu/command_buffer/service/raster_decoder.cc:3052] [.RendererMainThread-0x13c004e1a00]GL ERROR :GL_INVALID_OPERATION : glRasterCHROMIUM: RasterCHROMIUM: serialization failure
[65369:12344082:0706/222256.529500:ERROR:gpu/command_buffer/service/shared_image/shared_image_representation.cc:792] Attempt to read from an uninitialized SharedImage. Initialized region: (0, 0, 0, 0) Size: (1285, 656) Debug Label: CanvasResourceRaster_Pid:65408
[65369:12344082:0706/222256.529540:ERROR:gpu/command_buffer/service/raster_decoder.cc:267] [.RendererMainThread-0x13c004e1a00]GL ERROR :GL_INVALID_OPERATION : SharedImageProviderImpl::OpenSharedImageForRead: Couldn't access shared image for mailbox:4E:6A:BC:C7:F6:5D:06:4B:49:87:94:9F:35:ED:50:9D
[65369:12344082:0706/222256.529554:ERROR:gpu/command_buffer/service/raster_decoder.cc:3052] [.RendererMainThread-0x13c004e1a00]GL ERROR :GL_INVALID_OPERATION : glRasterCHROMIUM: RasterCHROMIUM: serialization failure
[65369:12344082:0706/222256.530328:ERROR:gpu/command_buffer/service/shared_image/shared_image_representation.cc:792] Attempt to read from an uninitialized SharedImage. Initialized region: (0, 0, 0, 0) Size: (1285, 656) Debug Label: CanvasResourceRaster_Pid:65408
[65369:12344082:0706/222256.530344:ERROR:gpu/command_buffer/service/raster_decoder.cc:267] [.RendererMainThread-0x13c004e1a00]GL ERROR :GL_INVALID_OPERATION : SharedImageProviderImpl::OpenSharedImageForRead: Couldn't access shared image for mailbox:E3:F9:1B:63:2D:A2:C2:CC:A7:F1:0E:48:57:A4:69:89
[65369:12344082:0706/222256.530352:ERROR:gpu/command_buffer/service/raster_decoder.cc:3052] [.RendererMainThread-0x13c004e1a00]GL ERROR :GL_INVALID_OPERATION : glRasterCHROMIUM: RasterCHROMIUM: serialization failure
[65369:12344082:0706/222256.784650:ERROR:gpu/command_buffer/service/shared_image/shared_image_representation.cc:792] Attempt to read from an uninitialized SharedImage. Initialized region: (0, 0, 0, 0) Size: (1285, 656) Debug Label: CanvasResourceRaster_Pid:65408
[65369:12344082:0706/222256.784693:ERROR:gpu/command_buffer/service/raster_decoder.cc:267] [.RendererMainThread-0x13c004e1a00]GL ERROR :GL_INVALID_OPERATION : SharedImageProviderImpl::OpenSharedImageForRead: Couldn't access shared image for mailbox:D5:7A:DE:33:D5:7B:41:34:D8:41:5F:0E:B1:20:55:69
[65369:12344082:0706/222256.784708:ERROR:gpu/command_buffer/service/raster_decoder.cc:3052] [.RendererMainThread-0x13c004e1a00]GL ERROR :GL_INVALID_OPERATION : glRasterCHROMIUM: RasterCHROMIUM: serialization failure
[65369:12344082:0706/222256.785635:ERROR:gpu/command_buffer/service/shared_image/shared_image_representation.cc:792] Attempt to read from an uninitialized SharedImage. Initialized region: (0, 0, 0, 0) Size: (1285, 656) Debug Label: CanvasResourceRaster_Pid:65408
[65369:12344082:0706/222256.785662:ERROR:gpu/command_buffer/service/raster_decoder.cc:267] [.RendererMainThread-0x13c004e1a00]GL ERROR :GL_INVALID_OPERATION : SharedImageProviderImpl::OpenSharedImageForRead: Couldn't access shared image for mailbox:A3:AF:53:B1:0F:02:CE:1C:97:04:76:04:92:60:B8:1B
[65369:12344082:0706/222256.785676:ERROR:gpu/command_buffer/service/raster_decoder.cc:3052] [.RendererMainThread-0x13c004e1a00]GL ERROR :GL_INVALID_OPERATION : glRasterCHROMIUM: RasterCHROMIUM: serialization failure
[65369:12344082:0706/222257.039814:ERROR:gpu/command_buffer/service/shared_image/shared_image_representation.cc:792] Attempt to read from an uninitialized SharedImage. Initialized region: (0, 0, 0, 0) Size: (1285, 656) Debug Label: CanvasResourceRaster_Pid:65408
[65369:12344082:0706/222257.039859:ERROR:gpu/command_buffer/service/raster_decoder.cc:267] [.RendererMainThread-0x13c004e1a00]GL ERROR :GL_INVALID_OPERATION : SharedImageProviderImpl::OpenSharedImageForRead: Couldn't access shared image for mailbox:82:E3:16:9D:7A:FF:C2:70:E8:A4:FB:CF:7E:45:12:0D
[65369:12344082:0706/222257.039872:ERROR:gpu/command_buffer/service/raster_decoder.cc:3052] [.RendererMainThread-0x13c004e1a00]GL ERROR :GL_INVALID_OPERATION : glRasterCHROMIUM: RasterCHROMIUM: serialization failure
[65369:12344082:0706/222257.040624:ERROR:gpu/command_buffer/service/shared_image/shared_image_representation.cc:792] Attempt to read from an uninitialized SharedImage. Initialized region: (0, 0, 0, 0) Size: (1285, 656) Debug Label: CanvasResourceRaster_Pid:65408
[65369:12344082:0706/222257.040651:ERROR:gpu/command_buffer/service/raster_decoder.cc:267] [.RendererMainThread-0x13c004e1a00]GL ERROR :GL_INVALID_OPERATION : SharedImageProviderImpl::OpenSharedImageForRead: Couldn't access shared image for mailbox:B0:24:3B:F4:61:D9:44:E9:0A:9B:50:B2:BB:F7:ED:25
[65369:12344082:0706/222257.040664:ERROR:gpu/command_buffer/service/raster_decoder.cc:3052] [.RendererMainThread-0x13c004e1a00]GL ERROR :GL_INVALID_OPERATION : glRasterCHROMIUM: RasterCHROMIUM: serialization failure
[65369:12344082:0706/222257.294910:ERROR:gpu/command_buffer/service/shared_image/shared_image_representation.cc:792] Attempt to read from an uninitialized SharedImage. Initialized region: (0, 0, 0, 0) Size: (1285, 656) Debug Label: CanvasResourceRaster_Pid:65408
[65369:12344082:0706/222257.294954:ERROR:gpu/command_buffer/service/raster_decoder.cc:267] [.RendererMainThread-0x13c004e1a00]GL ERROR :GL_INVALID_OPERATION : SharedImageProviderImpl::OpenSharedImageForRead: Couldn't access shared image for mailbox:60:CE:2D:44:E0:E7:8B:DB:A5:3E:6F:87:1B:20:93:95
[65369:12344082:0706/222257.294969:ERROR:gpu/command_buffer/service/raster_decoder.cc:3052] [.RendererMainThread-0x13c004e1a00]GL ERROR :GL_INVALID_OPERATION : glRasterCHROMIUM: RasterCHROMIUM: serialization failure
[65369:12344082:0706/222257.295826:ERROR:gpu/command_buffer/service/shared_image/shared_image_representation.cc:792] Attempt to read from an uninitialized SharedImage. Initialized region: (0, 0, 0, 0) Size: (1285, 656) Debug Label: CanvasResourceRaster_Pid:65408
[65369:12344082:0706/222257.295846:ERROR:gpu/command_buffer/service/raster_decoder.cc:267] [.RendererMainThread-0x13c004e1a00]GL ERROR :GL_INVALID_OPERATION : SharedImageProviderImpl::OpenSharedImageForRead: Couldn't access shared image for mailbox:CE:49:00:0C:4F:8D:B9:62:F9:A2:29:B8:A1:5E:62:43
[65369:12344082:0706/222257.295855:ERROR:gpu/command_buffer/service/raster_decoder.cc:3052] [.RendererMainThread-0x13c004e1a00]GL ERROR :GL_INVALID_OPERATION : glRasterCHROMIUM: RasterCHROMIUM: serialization failure
[65369:12344082:0706/222257.549998:ERROR:gpu/command_buffer/service/shared_image/shared_image_representation.cc:792] Attempt to read from an uninitialized SharedImage. Initialized region: (0, 0, 0, 0) Size: (1285, 656) Debug Label: CanvasResourceRaster_Pid:65408
[65369:12344082:0706/222257.550043:ERROR:gpu/command_buffer/service/raster_decoder.cc:267] [.RendererMainThread-0x13c004e1a00]GL ERROR :GL_INVALID_OPERATION : SharedImageProviderImpl::OpenSharedImageForRead: Couldn't access shared image for mailbox:66:8D:EF:DD:FB:7D:35:90:70:A8:36:74:2B:3C:28:1D
[65369:12344082:0706/222257.550059:ERROR:gpu/command_buffer/service/raster_decoder.cc:3052] [.RendererMainThread-0x13c004e1a00]GL ERROR :GL_INVALID_OPERATION : glRasterCHROMIUM: RasterCHROMIUM: serialization failure
[65369:12344082:0706/222257.550833:ERROR:gpu/command_buffer/service/shared_image/shared_image_representation.cc:792] Attempt to read from an uninitialized SharedImage. Initialized region: (0, 0, 0, 0) Size: (1285, 656) Debug Label: CanvasResourceRaster_Pid:65408
[65369:12344082:0706/222257.550854:ERROR:gpu/command_buffer/service/raster_decoder.cc:267] [.RendererMainThread-0x13c004e1a00]GL ERROR :GL_INVALID_OPERATION : SharedImageProviderImpl::OpenSharedImageForRead: Couldn't access shared image for mailbox:FA:9C:F6:BB:59:A0:33:18:F7:99:8E:B4:06:79:17:13
[65369:12344082:0706/222257.550867:ERROR:gpu/command_buffer/service/raster_decoder.cc:3052] [.RendererMainThread-0x13c004e1a00]GL ERROR :GL_INVALID_OPERATION : glRasterCHROMIUM: RasterCHROMIUM: serialization failure
[65369:12344082:0706/222257.804222:ERROR:gpu/command_buffer/service/shared_image/shared_image_representation.cc:792] Attempt to read from an uninitialized SharedImage. Initialized region: (0, 0, 0, 0) Size: (1285, 656) Debug Label: CanvasResourceRaster_Pid:65408
[65369:12344082:0706/222257.804258:ERROR:gpu/command_buffer/service/raster_decoder.cc:267] [.RendererMainThread-0x13c004e1a00]GL ERROR :GL_INVALID_OPERATION : SharedImageProviderImpl::OpenSharedImageForRead: Couldn't access shared image for mailbox:F4:2D:27:ED:AB:DB:FD:46:9E:B2:B8:E5:31:54:BC:1B
[65369:12344082:0706/222257.804271:ERROR:gpu/command_buffer/service/raster_decoder.cc:3052] [.RendererMainThread-0x13c004e1a00]GL ERROR :GL_INVALID_OPERATION : glRasterCHROMIUM: RasterCHROMIUM: serialization failure
[65369:12344082:0706/222257.805445:ERROR:gpu/command_buffer/service/shared_image/shared_image_representation.cc:792] Attempt to read from an uninitialized SharedImage. Initialized region: (0, 0, 0, 0) Size: (1285, 656) Debug Label: CanvasResourceRaster_Pid:65408
[65369:12344082:0706/222257.805475:ERROR:gpu/command_buffer/service/raster_decoder.cc:267] [.RendererMainThread-0x13c004e1a00]GL ERROR :GL_INVALID_OPERATION : SharedImageProviderImpl::OpenSharedImageForRead: Couldn't access shared image for mailbox:96:AE:82:28:62:2D:FD:1C:E8:9B:4F:23:70:45:48:A7
[65369:12344082:0706/222257.805489:ERROR:gpu/command_buffer/service/raster_decoder.cc:3052] [.RendererMainThread-0x13c004e1a00]GL ERROR :GL_INVALID_OPERATION : glRasterCHROMIUM: RasterCHROMIUM: serialization failure
[65369:12344082:0706/222258.060529:ERROR:gpu/command_buffer/service/shared_image/shared_image_representation.cc:792] Attempt to read from an uninitialized SharedImage. Initialized region: (0, 0, 0, 0) Size: (1285, 656) Debug Label: CanvasResourceRaster_Pid:65408
[65369:12344082:0706/222258.060577:ERROR:gpu/command_buffer/service/raster_decoder.cc:267] [.RendererMainThread-0x13c004e1a00]GL ERROR :GL_INVALID_OPERATION : SharedImageProviderImpl::OpenSharedImageForRead: Couldn't access shared image for mailbox:45:2B:C6:EF:81:D1:10:75:43:48:08:F0:A2:17:5A:69
[65369:12344082:0706/222258.060593:ERROR:gpu/command_buffer/service/raster_decoder.cc:3052] [.RendererMainThread-0x13c004e1a00]GL ERROR :GL_INVALID_OPERATION : glRasterCHROMIUM: RasterCHROMIUM: serialization failure
[65369:12344082:0706/222258.061511:ERROR:gpu/command_buffer/service/shared_image/shared_image_representation.cc:792] Attempt to read from an uninitialized SharedImage. Initialized region: (0, 0, 0, 0) Size: (1285, 656) Debug Label: CanvasResourceRaster_Pid:65408
[65369:12344082:0706/222258.061541:ERROR:gpu/command_buffer/service/raster_decoder.cc:267] [.RendererMainThread-0x13c004e1a00]GL ERROR :GL_INVALID_OPERATION : SharedImageProviderImpl::OpenSharedImageForRead: Couldn't access shared image for mailbox:C2:F7:2A:4E:3D:E1:5C:49:10:68:6C:C6:A9:AF:0B:37
[65369:12344082:0706/222258.061554:ERROR:gpu/command_buffer/service/raster_decoder.cc:3052] [.RendererMainThread-0x13c004e1a00]GL ERROR :GL_INVALID_OPERATION : glRasterCHROMIUM: RasterCHROMIUM: serialization failure
[65369:12344082:0706/222258.315573:ERROR:gpu/command_buffer/service/shared_image/shared_image_representation.cc:792] Attempt to read from an uninitialized SharedImage. Initialized region: (0, 0, 0, 0) Size: (1285, 656) Debug Label: CanvasResourceRaster_Pid:65408
[65369:12344082:0706/222258.315615:ERROR:gpu/command_buffer/service/raster_decoder.cc:267] [.RendererMainThread-0x13c004e1a00]GL ERROR :GL_INVALID_OPERATION : SharedImageProviderImpl::OpenSharedImageForRead: Couldn't access shared image for mailbox:B8:BF:02:9D:CD:91:99:AE:08:57:AF:57:46:6B:04:13
[65369:12344082:0706/222258.315630:ERROR:gpu/command_buffer/service/raster_decoder.cc:3052] [.RendererMainThread-0x13c004e1a00]GL ERROR :GL_INVALID_OPERATION : glRasterCHROMIUM: RasterCHROMIUM: serialization failure
[65369:12344082:0706/222258.316476:ERROR:gpu/command_buffer/service/shared_image/shared_image_representation.cc:792] Attempt to read from an uninitialized SharedImage. Initialized region: (0, 0, 0, 0) Size: (1285, 656) Debug Label: CanvasResourceRaster_Pid:65408
[65369:12344082:0706/222258.316508:ERROR:gpu/command_buffer/service/raster_decoder.cc:267] [.RendererMainThread-0x13c004e1a00]GL ERROR :GL_INVALID_OPERATION : SharedImageProviderImpl::OpenSharedImageForRead: Couldn't access shared image for mailbox:9C:FE:61:38:8E:E1:B1:23:3D:54:AD:9E:25:81:7A:F1
[65369:12344082:0706/222258.316520:ERROR:gpu/command_buffer/service/raster_decoder.cc:3052] [.RendererMainThread-0x13c004e1a00]GL ERROR :GL_INVALID_OPERATION : glRasterCHROMIUM: RasterCHROMIUM: serialization failure
[65369:12344082:0706/222258.570619:ERROR:gpu/command_buffer/service/shared_image/shared_image_representation.cc:792] Attempt to read from an uninitialized SharedImage. Initialized region: (0, 0, 0, 0) Size: (1285, 656) Debug Label: CanvasResourceRaster_Pid:65408
[65369:12344082:0706/222258.570661:ERROR:gpu/command_buffer/service/raster_decoder.cc:267] [.RendererMainThread-0x13c004e1a00]GL ERROR :GL_INVALID_OPERATION : SharedImageProviderImpl::OpenSharedImageForRead: Couldn't access shared image for mailbox:B2:56:49:06:05:21:94:2F:42:CA:71:E5:FB:90:79:87
[65369:12344082:0706/222258.570676:ERROR:gpu/command_buffer/service/raster_decoder.cc:3052] [.RendererMainThread-0x13c004e1a00]GL ERROR :GL_INVALID_OPERATION : glRasterCHROMIUM: RasterCHROMIUM: serialization failure
[65369:12344082:0706/222258.571735:ERROR:gpu/command_buffer/service/shared_image/shared_image_representation.cc:792] Attempt to read from an uninitialized SharedImage. Initialized region: (0, 0, 0, 0) Size: (1285, 656) Debug Label: CanvasResourceRaster_Pid:65408
[65369:12344082:0706/222258.571770:ERROR:gpu/command_buffer/service/raster_decoder.cc:267] [.RendererMainThread-0x13c004e1a00]GL ERROR :GL_INVALID_OPERATION : SharedImageProviderImpl::OpenSharedImageForRead: Couldn't access shared image for mailbox:C4:D8:29:24:C6:96:68:49:25:36:4F:81:8D:C1:96:05
[65369:12344082:0706/222258.571781:ERROR:gpu/command_buffer/service/raster_decoder.cc:3052] [.RendererMainThread-0x13c004e1a00]GL ERROR :GL_INVALID_OPERATION : glRasterCHROMIUM: RasterCHROMIUM: serialization failure
[65369:12344082:0706/222259.224085:ERROR:gpu/command_buffer/service/shared_image/shared_image_representation.cc:792] Attempt to read from an uninitialized SharedImage. Initialized region: (0, 0, 0, 0) Size: (1285, 643) Debug Label: CanvasResourceRaster_Pid:65408
[65369:12344082:0706/222259.224121:ERROR:gpu/command_buffer/service/raster_decoder.cc:267] [.RendererMainThread-0x13c004e1a00]GL ERROR :GL_INVALID_OPERATION : SharedImageProviderImpl::OpenSharedImageForRead: Couldn't access shared image for mailbox:AF:92:CD:7D:00:59:4F:C6:A7:6A:68:DF:35:8A:50:6D
[65369:12344082:0706/222259.224137:ERROR:gpu/command_buffer/service/raster_decoder.cc:3052] [.RendererMainThread-0x13c004e1a00]GL ERROR :GL_INVALID_OPERATION : glRasterCHROMIUM: RasterCHROMIUM: serialization failure
[65369:12344082:0706/222259.478968:ERROR:gpu/command_buffer/service/shared_image/shared_image_representation.cc:792] Attempt to read from an uninitialized SharedImage. Initialized region: (0, 0, 0, 0) Size: (1285, 643) Debug Label: CanvasResourceRaster_Pid:65408
[65369:12344082:0706/222259.479012:ERROR:gpu/command_buffer/service/raster_decoder.cc:267] [.RendererMainThread-0x13c004e1a00]GL ERROR :GL_INVALID_OPERATION : SharedImageProviderImpl::OpenSharedImageForRead: Couldn't access shared image for mailbox:E0:5B:11:C4:D9:0A:73:60:00:F6:64:7B:1A:98:70:29
[65369:12344082:0706/222259.479030:ERROR:gpu/command_buffer/service/raster_decoder.cc:3052] [.RendererMainThread-0x13c004e1a00]GL ERROR :GL_INVALID_OPERATION : glRasterCHROMIUM: RasterCHROMIUM: serialization failure
[65369:12344082:0706/222259.734190:ERROR:gpu/command_buffer/service/shared_image/shared_image_representation.cc:792] Attempt to read from an uninitialized SharedImage. Initialized region: (0, 0, 0, 0) Size: (1285, 643) Debug Label: CanvasResourceRaster_Pid:65408
[65369:12344082:0706/222259.734229:ERROR:gpu/command_buffer/service/raster_decoder.cc:267] [.RendererMainThread-0x13c004e1a00]GL ERROR :GL_INVALID_OPERATION : SharedImageProviderImpl::OpenSharedImageForRead: Couldn't access shared image for mailbox:41:35:3E:6C:B5:8F:DA:D4:5A:14:97:5F:DD:A1:BF:03
[65369:12344082:0706/222259.734243:ERROR:gpu/command_buffer/service/raster_decoder.cc:3052] [.RendererMainThread-0x13c004e1a00]GL ERROR :GL_INVALID_OPERATION : glRasterCHROMIUM: RasterCHROMIUM: serialization failure
[65369:12344082:0706/222259.989355:ERROR:gpu/command_buffer/service/shared_image/shared_image_representation.cc:792] Attempt to read from an uninitialized SharedImage. Initialized region: (0, 0, 0, 0) Size: (1285, 643) Debug Label: CanvasResourceRaster_Pid:65408
[65369:12344082:0706/222259.989385:ERROR:gpu/command_buffer/service/raster_decoder.cc:267] [.RendererMainThread-0x13c004e1a00]GL ERROR :GL_INVALID_OPERATION : SharedImageProviderImpl::OpenSharedImageForRead: Couldn't access shared image for mailbox:55:37:EE:E2:37:8A:C0:A0:B9:13:6B:72:91:75:1F:B9
[65369:12344082:0706/222259.989403:ERROR:gpu/command_buffer/service/raster_decoder.cc:3052] [.RendererMainThread-0x13c004e1a00]GL ERROR :GL_INVALID_OPERATION : glRasterCHROMIUM: RasterCHROMIUM: serialization failure
[65369:12344082:0706/222300.243391:ERROR:gpu/command_buffer/service/shared_image/shared_image_representation.cc:792] Attempt to read from an uninitialized SharedImage. Initialized region: (0, 0, 0, 0) Size: (1285, 643) Debug Label: CanvasResourceRaster_Pid:65408
[65369:12344082:0706/222300.243418:ERROR:gpu/command_buffer/service/raster_decoder.cc:267] [.RendererMainThread-0x13c004e1a00]GL ERROR :GL_INVALID_OPERATION : SharedImageProviderImpl::OpenSharedImageForRead: Couldn't access shared image for mailbox:E4:C0:D5:A5:30:8A:50:41:55:A6:37:1A:00:15:47:E3
[65369:12344082:0706/222300.243434:ERROR:gpu/command_buffer/service/raster_decoder.cc:3052] [.RendererMainThread-0x13c004e1a00]GL ERROR :GL_INVALID_OPERATION : glRasterCHROMIUM: RasterCHROMIUM: serialization failure
[65369:12344082:0706/222300.499614:ERROR:gpu/command_buffer/service/shared_image/shared_image_representation.cc:792] Attempt to read from an uninitialized SharedImage. Initialized region: (0, 0, 0, 0) Size: (1285, 643) Debug Label: CanvasResourceRaster_Pid:65408
[65369:12344082:0706/222300.499661:ERROR:gpu/command_buffer/service/raster_decoder.cc:267] [.RendererMainThread-0x13c004e1a00]GL ERROR :GL_INVALID_OPERATION : SharedImageProviderImpl::OpenSharedImageForRead: Couldn't access shared image for mailbox:19:0B:35:56:04:35:54:1C:6F:B1:81:8A:C5:9B:BF:61
[65369:12344082:0706/222300.499678:ERROR:gpu/command_buffer/service/raster_decoder.cc:3052] [.RendererMainThread-0x13c004e1a00]GL ERROR :GL_INVALID_OPERATION : glRasterCHROMIUM: RasterCHROMIUM: serialization failure
[65369:12344082:0706/222300.754687:ERROR:gpu/command_buffer/service/shared_image/shared_image_representation.cc:792] Attempt to read from an uninitialized SharedImage. Initialized region: (0, 0, 0, 0) Size: (1285, 643) Debug Label: CanvasResourceRaster_Pid:65408
[65369:12344082:0706/222300.754732:ERROR:gpu/command_buffer/service/raster_decoder.cc:267] [.RendererMainThread-0x13c004e1a00]GL ERROR :GL_INVALID_OPERATION : SharedImageProviderImpl::OpenSharedImageForRead: Couldn't access shared image for mailbox:80:09:0F:79:51:39:EE:72:7C:C6:B7:7E:FE:0D:23:DF
[65369:12344082:0706/222300.754750:ERROR:gpu/command_buffer/service/raster_decoder.cc:3052] [.RendererMainThread-0x13c004e1a00]GL ERROR :GL_INVALID_OPERATION : glRasterCHROMIUM: RasterCHROMIUM: serialization failure
[65369:12344082:0706/222301.009848:ERROR:gpu/command_buffer/service/shared_image/shared_image_representation.cc:792] Attempt to read from an uninitialized SharedImage. Initialized region: (0, 0, 0, 0) Size: (1285, 643) Debug Label: CanvasResourceRaster_Pid:65408
[65369:12344082:0706/222301.009887:ERROR:gpu/command_buffer/service/raster_decoder.cc:267] [.RendererMainThread-0x13c004e1a00]GL ERROR :GL_INVALID_OPERATION : SharedImageProviderImpl::OpenSharedImageForRead: Couldn't access shared image for mailbox:35:95:94:2A:89:EE:7D:7E:00:CB:2C:D0:A9:96:4F:41
[65369:12344082:0706/222301.009903:ERROR:gpu/command_buffer/service/raster_decoder.cc:3052] [.RendererMainThread-0x13c004e1a00]GL ERROR :GL_INVALID_OPERATION : glRasterCHROMIUM: RasterCHROMIUM: serialization failure
[65369:12344082:0706/222301.265014:ERROR:gpu/command_buffer/service/shared_image/shared_image_representation.cc:792] Attempt to read from an uninitialized SharedImage. Initialized region: (0, 0, 0, 0) Size: (1285, 643) Debug Label: CanvasResourceRaster_Pid:65408
[65369:12344082:0706/222301.265058:ERROR:gpu/command_buffer/service/raster_decoder.cc:267] [.RendererMainThread-0x13c004e1a00]GL ERROR :GL_INVALID_OPERATION : SharedImageProviderImpl::OpenSharedImageForRead: Couldn't access shared image for mailbox:C5:FA:25:B2:37:5B:91:ED:6E:E5:17:29:68:1F:59:45
[65369:12344082:0706/222301.265075:ERROR:gpu/command_buffer/service/raster_decoder.cc:3052] [.RendererMainThread-0x13c004e1a00]GL ERROR :GL_INVALID_OPERATION : glRasterCHROMIUM: RasterCHROMIUM: serialization failure
[65369:12344082:0706/222301.520198:ERROR:gpu/command_buffer/service/shared_image/shared_image_representation.cc:792] Attempt to read from an uninitialized SharedImage. Initialized region: (0, 0, 0, 0) Size: (1285, 643) Debug Label: CanvasResourceRaster_Pid:65408
[65369:12344082:0706/222301.520234:ERROR:gpu/command_buffer/service/raster_decoder.cc:267] [.RendererMainThread-0x13c004e1a00]GL ERROR :GL_INVALID_OPERATION : SharedImageProviderImpl::OpenSharedImageForRead: Couldn't access shared image for mailbox:B7:8E:28:F5:31:CC:EC:83:4A:25:83:4F:E5:76:DE:E5
[65369:12344082:0706/222301.520248:ERROR:gpu/command_buffer/service/raster_decoder.cc:3052] [.RendererMainThread-0x13c004e1a00]GL ERROR :GL_INVALID_OPERATION : glRasterCHROMIUM: RasterCHROMIUM: serialization failure
[65369:12344082:0706/222301.775327:ERROR:gpu/command_buffer/service/shared_image/shared_image_representation.cc:792] Attempt to read from an uninitialized SharedImage. Initialized region: (0, 0, 0, 0) Size: (1285, 643) Debug Label: CanvasResourceRaster_Pid:65408
[65369:12344082:0706/222301.775362:ERROR:gpu/command_buffer/service/raster_decoder.cc:267] [.RendererMainThread-0x13c004e1a00]GL ERROR :GL_INVALID_OPERATION : SharedImageProviderImpl::OpenSharedImageForRead: Couldn't access shared image for mailbox:91:71:7F:CB:F0:AE:F5:FB:99:45:F5:A5:B8:5E:5F:67
[65369:12344082:0706/222301.775378:ERROR:gpu/command_buffer/service/raster_decoder.cc:3052] [.RendererMainThread-0x13c004e1a00]GL ERROR :GL_INVALID_OPERATION : glRasterCHROMIUM: RasterCHROMIUM: serialization failure
[65369:12344082:0706/222302.030361:ERROR:gpu/command_buffer/service/shared_image/shared_image_representation.cc:792] Attempt to read from an uninitialized SharedImage. Initialized region: (0, 0, 0, 0) Size: (1285, 643) Debug Label: CanvasResourceRaster_Pid:65408
[65369:12344082:0706/222302.030403:ERROR:gpu/command_buffer/service/raster_decoder.cc:267] [.RendererMainThread-0x13c004e1a00]GL ERROR :GL_INVALID_OPERATION : SharedImageProviderImpl::OpenSharedImageForRead: Couldn't access shared image for mailbox:F3:B6:4C:2A:15:A4:7F:D3:5F:36:EF:54:E6:41:3D:CB
[65369:12344082:0706/222302.030418:ERROR:gpu/command_buffer/service/raster_decoder.cc:3052] [.RendererMainThread-0x13c004e1a00]GL ERROR :GL_INVALID_OPERATION : glRasterCHROMIUM: RasterCHROMIUM: serialization failure
[65369:12344082:0706/222302.285543:ERROR:gpu/command_buffer/service/shared_image/shared_image_representation.cc:792] Attempt to read from an uninitialized SharedImage. Initialized region: (0, 0, 0, 0) Size: (1285, 643) Debug Label: CanvasResourceRaster_Pid:65408
[65369:12344082:0706/222302.285585:ERROR:gpu/command_buffer/service/raster_decoder.cc:267] [.RendererMainThread-0x13c004e1a00]GL ERROR :GL_INVALID_OPERATION : SharedImageProviderImpl::OpenSharedImageForRead: Couldn't access shared image for mailbox:8B:55:88:A2:40:D2:E7:A1:BB:D5:F3:5B:96:F9:AC:29
[65369:12344082:0706/222302.285599:ERROR:gpu/command_buffer/service/raster_decoder.cc:3052] [.RendererMainThread-0x13c004e1a00]GL ERROR :GL_INVALID_OPERATION : glRasterCHROMIUM: RasterCHROMIUM: serialization failure
[65369:12344082:0706/222302.540942:ERROR:gpu/command_buffer/service/shared_image/shared_image_representation.cc:792] Attempt to read from an uninitialized SharedImage. Initialized region: (0, 0, 0, 0) Size: (1285, 643) Debug Label: CanvasResourceRaster_Pid:65408
[65369:12344082:0706/222302.540985:ERROR:gpu/command_buffer/service/raster_decoder.cc:267] [.RendererMainThread-0x13c004e1a00]GL ERROR :GL_INVALID_OPERATION : SharedImageProviderImpl::OpenSharedImageForRead: Couldn't access shared image for mailbox:61:57:71:85:74:A8:9E:D0:FC:83:11:3B:BA:FB:87:33
[65369:12344082:0706/222302.541000:ERROR:gpu/command_buffer/service/raster_decoder.cc:3052] [.RendererMainThread-0x13c004e1a00]GL ERROR :GL_INVALID_OPERATION : glRasterCHROMIUM: RasterCHROMIUM: serialization failure
[65369:12344082:0706/222302.794940:ERROR:gpu/command_buffer/service/shared_image/shared_image_representation.cc:792] Attempt to read from an uninitialized SharedImage. Initialized region: (0, 0, 0, 0) Size: (1285, 643) Debug Label: CanvasResourceRaster_Pid:65408
[65369:12344082:0706/222302.794970:ERROR:gpu/command_buffer/service/raster_decoder.cc:267] [.RendererMainThread-0x13c004e1a00]GL ERROR :GL_INVALID_OPERATION : SharedImageProviderImpl::OpenSharedImageForRead: Couldn't access shared image for mailbox:75:14:75:69:E8:96:E3:29:78:E0:8C:42:D1:2A:5C:27
[65369:12344082:0706/222302.794984:ERROR:gpu/command_buffer/service/raster_decoder.cc:3052] [.RendererMainThread-0x13c004e1a00]GL ERROR :GL_INVALID_OPERATION : glRasterCHROMIUM: RasterCHROMIUM: serialization failure
[65369:12344082:0706/222303.490161:ERROR:gpu/command_buffer/service/shared_image/shared_image_representation.cc:792] Attempt to read from an uninitialized SharedImage. Initialized region: (0, 0, 0, 0) Size: (1285, 717) Debug Label: CanvasResourceRaster_Pid:65408
[65369:12344082:0706/222303.490209:ERROR:gpu/command_buffer/service/raster_decoder.cc:267] [.RendererMainThread-0x13c004e1a00]GL ERROR :GL_INVALID_OPERATION : SharedImageProviderImpl::OpenSharedImageForRead: Couldn't access shared image for mailbox:24:5C:DF:91:7A:3C:D2:2A:8B:41:78:25:91:3E:D9:FF
[65369:12344082:0706/222303.490230:ERROR:gpu/command_buffer/service/raster_decoder.cc:3052] [.RendererMainThread-0x13c004e1a00]GL ERROR :GL_INVALID_OPERATION : glRasterCHROMIUM: RasterCHROMIUM: serialization failure
[65369:12344082:0706/222303.744999:ERROR:gpu/command_buffer/service/shared_image/shared_image_representation.cc:792] Attempt to read from an uninitialized SharedImage. Initialized region: (0, 0, 0, 0) Size: (1285, 717) Debug Label: CanvasResourceRaster_Pid:65408
[65369:12344082:0706/222303.745040:ERROR:gpu/command_buffer/service/raster_decoder.cc:267] [.RendererMainThread-0x13c004e1a00]GL ERROR :GL_INVALID_OPERATION : SharedImageProviderImpl::OpenSharedImageForRead: Couldn't access shared image for mailbox:A4:93:2F:8E:8F:94:0E:1B:0E:D9:C6:82:1A:6C:56:3F
[65369:12344082:0706/222303.745058:ERROR:gpu/command_buffer/service/raster_decoder.cc:3052] [.RendererMainThread-0x13c004e1a00]GL ERROR :GL_INVALID_OPERATION : glRasterCHROMIUM: RasterCHROMIUM: serialization failure
[65369:12344082:0706/222304.000293:ERROR:gpu/command_buffer/service/shared_image/shared_image_representation.cc:792] Attempt to read from an uninitialized SharedImage. Initialized region: (0, 0, 0, 0) Size: (1285, 717) Debug Label: CanvasResourceRaster_Pid:65408
[65369:12344082:0706/222304.000334:ERROR:gpu/command_buffer/service/raster_decoder.cc:267] [.RendererMainThread-0x13c004e1a00]GL ERROR :GL_INVALID_OPERATION : SharedImageProviderImpl::OpenSharedImageForRead: Couldn't access shared image for mailbox:08:99:F9:6B:ED:15:77:03:AC:F2:06:7A:60:DB:6B:B3
[65369:12344082:0706/222304.000350:ERROR:gpu/command_buffer/service/raster_decoder.cc:3052] [.RendererMainThread-0x13c004e1a00]GL ERROR :GL_INVALID_OPERATION : glRasterCHROMIUM: RasterCHROMIUM: serialization failure
[65369:12344082:0706/222304.255423:ERROR:gpu/command_buffer/service/shared_image/shared_image_representation.cc:792] Attempt to read from an uninitialized SharedImage. Initialized region: (0, 0, 0, 0) Size: (1285, 717) Debug Label: CanvasResourceRaster_Pid:65408
[65369:12344082:0706/222304.255469:ERROR:gpu/command_buffer/service/raster_decoder.cc:267] [.RendererMainThread-0x13c004e1a00]GL ERROR :GL_INVALID_OPERATION : SharedImageProviderImpl::OpenSharedImageForRead: Couldn't access shared image for mailbox:CF:2B:AA:79:D9:A8:A4:40:75:13:4D:A8:CB:D5:25:C1
[65369:12344082:0706/222304.255486:ERROR:gpu/command_buffer/service/raster_decoder.cc:3052] [.RendererMainThread-0x13c004e1a00]GL ERROR :GL_INVALID_OPERATION : glRasterCHROMIUM: RasterCHROMIUM: serialization failure
[65361:12344061:0706/222304.282402:ERROR:google_apis/gcm/engine/registration_request.cc:291] Registration response error message: DEPRECATED_ENDPOINT
[65369:12344082:0706/222304.510441:ERROR:gpu/command_buffer/service/shared_image/shared_image_representation.cc:792] Attempt to read from an uninitialized SharedImage. Initialized region: (0, 0, 0, 0) Size: (1285, 717) Debug Label: CanvasResourceRaster_Pid:65408
[65369:12344082:0706/222304.510481:ERROR:gpu/command_buffer/service/logger.cc:51] Too many GL errors, not reporting any more for this context. use --disable-gl-error-limit to see all errors.
[65369:12344082:0706/222304.765362:ERROR:gpu/command_buffer/service/shared_image/shared_image_representation.cc:792] Attempt to read from an uninitialized SharedImage. Initialized region: (0, 0, 0, 0) Size: (1285, 717) Debug Label: CanvasResourceRaster_Pid:65408
[65369:12344082:0706/222305.020916:ERROR:gpu/command_buffer/service/shared_image/shared_image_representation.cc:792] Attempt to read from an uninitialized SharedImage. Initialized region: (0, 0, 0, 0) Size: (1285, 717) Debug Label: CanvasResourceRaster_Pid:65408
[65369:12344082:0706/222305.274867:ERROR:gpu/command_buffer/service/shared_image/shared_image_representation.cc:792] Attempt to read from an uninitialized SharedImage. Initialized region: (0, 0, 0, 0) Size: (1285, 717) Debug Label: CanvasResourceRaster_Pid:65408
[65369:12344082:0706/222305.530510:ERROR:gpu/command_buffer/service/shared_image/shared_image_representation.cc:792] Attempt to read from an uninitialized SharedImage. Initialized region: (0, 0, 0, 0) Size: (1285, 717) Debug Label: CanvasResourceRaster_Pid:65408
[65369:12344082:0706/222305.786162:ERROR:gpu/command_buffer/service/shared_image/shared_image_representation.cc:792] Attempt to read from an uninitialized SharedImage. Initialized region: (0, 0, 0, 0) Size: (1285, 717) Debug Label: CanvasResourceRaster_Pid:65408
[65369:12344082:0706/222306.041074:ERROR:gpu/command_buffer/service/shared_image/shared_image_representation.cc:792] Attempt to read from an uninitialized SharedImage. Initialized region: (0, 0, 0, 0) Size: (1285, 717) Debug Label: CanvasResourceRaster_Pid:65408
[65369:12344082:0706/222306.296507:ERROR:gpu/command_buffer/service/shared_image/shared_image_representation.cc:792] Attempt to read from an uninitialized SharedImage. Initialized region: (0, 0, 0, 0) Size: (1285, 717) Debug Label: CanvasResourceRaster_Pid:65408
[65369:12344082:0706/222306.551164:ERROR:gpu/command_buffer/service/shared_image/shared_image_representation.cc:792] Attempt to read from an uninitialized SharedImage. Initialized region: (0, 0, 0, 0) Size: (1285, 717) Debug Label: CanvasResourceRaster_Pid:65408
[65369:12344082:0706/222306.806010:ERROR:gpu/command_buffer/service/shared_image/shared_image_representation.cc:792] Attempt to read from an uninitialized SharedImage. Initialized region: (0, 0, 0, 0) Size: (1285, 717) Debug Label: CanvasResourceRaster_Pid:65408
[65369:12344082:0706/222307.061503:ERROR:gpu/command_buffer/service/shared_image/shared_image_representation.cc:792] Attempt to read from an uninitialized SharedImage. Initialized region: (0, 0, 0, 0) Size: (1285, 717) Debug Label: CanvasResourceRaster_Pid:65408
[65369:12344082:0706/222307.746005:ERROR:gpu/command_buffer/service/shared_image/shared_image_representation.cc:792] Attempt to read from an uninitialized SharedImage. Initialized region: (0, 0, 0, 0) Size: (1285, 917) Debug Label: CanvasResourceRaster_Pid:65408
[65369:12344082:0706/222308.001038:ERROR:gpu/command_buffer/service/shared_image/shared_image_representation.cc:792] Attempt to read from an uninitialized SharedImage. Initialized region: (0, 0, 0, 0) Size: (1285, 917) Debug Label: CanvasResourceRaster_Pid:65408
[65369:12344082:0706/222308.256077:ERROR:gpu/command_buffer/service/shared_image/shared_image_representation.cc:792] Attempt to read from an uninitialized SharedImage. Initialized region: (0, 0, 0, 0) Size: (1285, 917) Debug Label: CanvasResourceRaster_Pid:65408
[65754:12346067:0706/222308.257699:VERBOSE1:chrome/updater/app/app.cc:52] Shutdown: 0
[65754:12346067:0706/222308.258132:VERBOSE2:chrome/updater/event_history.cc:265] Emitted a UPDATER_PROCESS END event to the history log
[65754:12346067:0706/222308.258148:VERBOSE1:chrome/updater/updater.cc:419] UpdaterMain (--wake) returned 0.
[65369:12344082:0706/222308.511096:ERROR:gpu/command_buffer/service/shared_image/shared_image_representation.cc:792] Attempt to read from an uninitialized SharedImage. Initialized region: (0, 0, 0, 0) Size: (1285, 917) Debug Label: CanvasResourceRaster_Pid:65408
[65751:12346063:0706/222308.515809:VERBOSE1:chrome/updater/app/app_wakeall.cc:68] `/Users/mkbabb/Library/Application Support/Google/GoogleUpdater/151.0.7910.0/GoogleUpdater.app/Contents/MacOS/GoogleUpdater --wake` exited 0
[65751:12346050:0706/222308.515916:VERBOSE1:chrome/updater/app/app.cc:52] Shutdown: 0
[65751:12346050:0706/222308.516179:VERBOSE2:chrome/updater/event_history.cc:265] Emitted a UPDATER_PROCESS END event to the history log
[65751:12346050:0706/222308.516191:VERBOSE1:chrome/updater/updater.cc:419] UpdaterMain (--wake-all) returned 0.
[65369:12344082:0706/222308.766306:ERROR:gpu/command_buffer/service/shared_image/shared_image_representation.cc:792] Attempt to read from an uninitialized SharedImage. Initialized region: (0, 0, 0, 0) Size: (1285, 917) Debug Label: CanvasResourceRaster_Pid:65408
[65369:12344082:0706/222309.020364:ERROR:gpu/command_buffer/service/shared_image/shared_image_representation.cc:792] Attempt to read from an uninitialized SharedImage. Initialized region: (0, 0, 0, 0) Size: (1285, 917) Debug Label: CanvasResourceRaster_Pid:65408
[65369:12344082:0706/222309.276590:ERROR:gpu/command_buffer/service/shared_image/shared_image_representation.cc:792] Attempt to read from an uninitialized SharedImage. Initialized region: (0, 0, 0, 0) Size: (1285, 917) Debug Label: CanvasResourceRaster_Pid:65408
[65369:12344082:0706/222309.531355:ERROR:gpu/command_buffer/service/shared_image/shared_image_representation.cc:792] Attempt to read from an uninitialized SharedImage. Initialized region: (0, 0, 0, 0) Size: (1285, 917) Debug Label: CanvasResourceRaster_Pid:65408
[65369:12344082:0706/222309.785737:ERROR:gpu/command_buffer/service/shared_image/shared_image_representation.cc:792] Attempt to read from an uninitialized SharedImage. Initialized region: (0, 0, 0, 0) Size: (1285, 917) Debug Label: CanvasResourceRaster_Pid:65408
[65369:12344082:0706/222310.042044:ERROR:gpu/command_buffer/service/shared_image/shared_image_representation.cc:792] Attempt to read from an uninitialized SharedImage. Initialized region: (0, 0, 0, 0) Size: (1285, 917) Debug Label: CanvasResourceRaster_Pid:65408
[65369:12344082:0706/222310.297158:ERROR:gpu/command_buffer/service/shared_image/shared_image_representation.cc:792] Attempt to read from an uninitialized SharedImage. Initialized region: (0, 0, 0, 0) Size: (1285, 917) Debug Label: CanvasResourceRaster_Pid:65408
[65369:12344082:0706/222310.552388:ERROR:gpu/command_buffer/service/shared_image/shared_image_representation.cc:792] Attempt to read from an uninitialized SharedImage. Initialized region: (0, 0, 0, 0) Size: (1285, 917) Debug Label: CanvasResourceRaster_Pid:65408
[65369:12344082:0706/222310.807602:ERROR:gpu/command_buffer/service/shared_image/shared_image_representation.cc:792] Attempt to read from an uninitialized SharedImage. Initialized region: (0, 0, 0, 0) Size: (1285, 917) Debug Label: CanvasResourceRaster_Pid:65408
[65369:12344082:0706/222311.062555:ERROR:gpu/command_buffer/service/shared_image/shared_image_representation.cc:792] Attempt to read from an uninitialized SharedImage. Initialized region: (0, 0, 0, 0) Size: (1285, 917) Debug Label: CanvasResourceRaster_Pid:65408
[65369:12344082:0706/222311.317916:ERROR:gpu/command_buffer/service/shared_image/shared_image_representation.cc:792] Attempt to read from an uninitialized SharedImage. Initialized region: (0, 0, 0, 0) Size: (1285, 917) Debug Label: CanvasResourceRaster_Pid:65408
[65369:12344082:0706/222311.494931:ERROR:gpu/command_buffer/service/shared_image/shared_image_representation.cc:792] Attempt to read from an uninitialized SharedImage. Initialized region: (0, 0, 0, 0) Size: (1285, 917) Debug Label: CanvasResourceRaster_Pid:65408
[65369:12344082:0706/222312.042842:ERROR:gpu/command_buffer/service/shared_image/shared_image_representation.cc:792] Attempt to read from an uninitialized SharedImage. Initialized region: (0, 0, 0, 0) Size: (1285, 682) Debug Label: CanvasResourceRaster_Pid:65408
[65369:12344082:0706/222312.297859:ERROR:gpu/command_buffer/service/shared_image/shared_image_representation.cc:792] Attempt to read from an uninitialized SharedImage. Initialized region: (0, 0, 0, 0) Size: (1285, 682) Debug Label: CanvasResourceRaster_Pid:65408
[65369:12344082:0706/222312.552940:ERROR:gpu/command_buffer/service/shared_image/shared_image_representation.cc:792] Attempt to read from an uninitialized SharedImage. Initialized region: (0, 0, 0, 0) Size: (1285, 682) Debug Label: CanvasResourceRaster_Pid:65408
[65369:12344082:0706/222312.807915:ERROR:gpu/command_buffer/service/shared_image/shared_image_representation.cc:792] Attempt to read from an uninitialized SharedImage. Initialized region: (0, 0, 0, 0) Size: (1285, 682) Debug Label: CanvasResourceRaster_Pid:65408
[65369:12344082:0706/222313.063252:ERROR:gpu/command_buffer/service/shared_image/shared_image_representation.cc:792] Attempt to read from an uninitialized SharedImage. Initialized region: (0, 0, 0, 0) Size: (1285, 682) Debug Label: CanvasResourceRaster_Pid:65408
[65369:12344082:0706/222313.318298:ERROR:gpu/command_buffer/service/shared_image/shared_image_representation.cc:792] Attempt to read from an uninitialized SharedImage. Initialized region: (0, 0, 0, 0) Size: (1285, 682) Debug Label: CanvasResourceRaster_Pid:65408
[65369:12344082:0706/222313.573528:ERROR:gpu/command_buffer/service/shared_image/shared_image_representation.cc:792] Attempt to read from an uninitialized SharedImage. Initialized region: (0, 0, 0, 0) Size: (1285, 682) Debug Label: CanvasResourceRaster_Pid:65408
[65369:12344082:0706/222313.828648:ERROR:gpu/command_buffer/service/shared_image/shared_image_representation.cc:792] Attempt to read from an uninitialized SharedImage. Initialized region: (0, 0, 0, 0) Size: (1285, 682) Debug Label: CanvasResourceRaster_Pid:65408
[65369:12344082:0706/222314.082700:ERROR:gpu/command_buffer/service/shared_image/shared_image_representation.cc:792] Attempt to read from an uninitialized SharedImage. Initialized region: (0, 0, 0, 0) Size: (1285, 682) Debug Label: CanvasResourceRaster_Pid:65408
[65369:12344082:0706/222314.338946:ERROR:gpu/command_buffer/service/shared_image/shared_image_representation.cc:792] Attempt to read from an uninitialized SharedImage. Initialized region: (0, 0, 0, 0) Size: (1285, 682) Debug Label: CanvasResourceRaster_Pid:65408
[65369:12344082:0706/222314.594177:ERROR:gpu/command_buffer/service/shared_image/shared_image_representation.cc:792] Attempt to read from an uninitialized SharedImage. Initialized region: (0, 0, 0, 0) Size: (1285, 682) Debug Label: CanvasResourceRaster_Pid:65408
[65369:12344082:0706/222314.859420:ERROR:gpu/command_buffer/service/shared_image/shared_image_representation.cc:792] Attempt to read from an uninitialized SharedImage. Initialized region: (0, 0, 0, 0) Size: (1285, 682) Debug Label: CanvasResourceRaster_Pid:65408
[65369:12344082:0706/222315.114548:ERROR:gpu/command_buffer/service/shared_image/shared_image_representation.cc:792] Attempt to read from an uninitialized SharedImage. Initialized region: (0, 0, 0, 0) Size: (1285, 682) Debug Label: CanvasResourceRaster_Pid:65408
[65369:12344082:0706/222315.369632:ERROR:gpu/command_buffer/service/shared_image/shared_image_representation.cc:792] Attempt to read from an uninitialized SharedImage. Initialized region: (0, 0, 0, 0) Size: (1285, 682) Debug Label: CanvasResourceRaster_Pid:65408
[65369:12344082:0706/222315.624615:ERROR:gpu/command_buffer/service/shared_image/shared_image_representation.cc:792] Attempt to read from an uninitialized SharedImage. Initialized region: (0, 0, 0, 0) Size: (1285, 682) Debug Label: CanvasResourceRaster_Pid:65408
[65756:12346071:0706/222318.265829:VERBOSE2:chrome/updater/event_history.cc:265] Emitted a UPDATER_PROCESS END event to the history log
[65756:12346071:0706/222318.265849:VERBOSE1:chrome/updater/updater.cc:419] UpdaterMain (--crash-handler) returned 0.
[65753:12346054:0706/222318.267094:VERBOSE2:chrome/updater/event_history.cc:265] Emitted a UPDATER_PROCESS END event to the history log
[65753:12346054:0706/222318.267286:VERBOSE1:chrome/updater/updater.cc:419] UpdaterMain (--crash-handler) returned 0.
