
DevTools listening on ws://127.0.0.1:9333/devtools/browser/24e2424a-ff56-4152-b68d-e7f09456e573
Trying to load the allocator multiple times. This is *not* supported.
[75024:11624110:0706/191756.811562:ERROR:google_apis/gcm/engine/registration_request.cc:291] Registration response error message: PHONE_REGISTRATION_ERROR
[75024:11624110:0706/191756.811687:ERROR:google_apis/gcm/engine/registration_request.cc:291] Registration response error message: DEPRECATED_ENDPOINT
[75024:11624110:0706/191756.811740:ERROR:google_apis/gcm/engine/registration_request.cc:291] Registration response error message: PHONE_REGISTRATION_ERROR
Created TensorFlow Lite XNNPACK delegate for CPU.
[75414:11625921:0706/191813.218784:VERBOSE1:chrome/updater/updater.cc:374] Version: 151.0.7910.0, opt, ARM_64, command line: /Users/mkbabb/Library/Application Support/Google/GoogleUpdater/151.0.7910.0/GoogleUpdater.app/Contents/MacOS/GoogleUpdater --wake-all --enable-logging --vmodule=*/components/update_client/*=2,*/chrome/enterprise_companion/*=2,*/chrome/updater/*=2
[75414:11625921:0706/191813.218989:VERBOSE1:chrome/updater/updater.cc:377] OS version: 26.4.1, arch: arm64, System uptime (seconds): 176253, parent pid: 75024
[75414:11625921:0706/191813.220811:VERBOSE1:chrome/updater/updater.cc:382] Available disk space in install directory (/Users/mkbabb/Library/Application Support/Google/GoogleUpdater): 771002249216B (718.052GiB) / 1995165736960B (1.815TiB)
[75414:11625921:0706/191813.220829:VERBOSE1:chrome/updater/updater.cc:386] Available disk space in temporary directory (/var/folders/ld/20j4p2791k5_90_0ccgx2txm0000gr/T/): 771002249216B (718.052GiB) / 1995165736960B (1.815TiB)
[75414:11625921:0706/191813.220894:VERBOSE2:chrome/updater/event_history.cc:265] Emitted a UPDATER_PROCESS START event to the history log
[75416:11625925:0706/191813.229803:VERBOSE1:chrome/updater/updater.cc:374] Version: 151.0.7910.0, opt, ARM_64, command line: /Users/mkbabb/Library/Application Support/Google/GoogleUpdater/151.0.7910.0/GoogleUpdater.app/Contents/MacOS/GoogleUpdater --crash-handler --database=/Users/mkbabb/Library/Application Support/Google/GoogleUpdater/151.0.7910.0/Crashpad --url=https://clients2.google.com/cr/report --annotation=prod=Update4 --annotation=ver=151.0.7910.0 --handshake-fd=6 --enable-logging --vmodule=*/components/update_client/*=2,*/chrome/enterprise_companion/*=2,*/chrome/updater/*=2
[75416:11625925:0706/191813.230012:VERBOSE1:chrome/updater/updater.cc:377] OS version: 26.4.1, arch: arm64, System uptime (seconds): 176253, parent pid: 1
[75416:11625925:0706/191813.231789:VERBOSE1:chrome/updater/updater.cc:382] Available disk space in install directory (/Users/mkbabb/Library/Application Support/Google/GoogleUpdater): 771002245120B (718.052GiB) / 1995165736960B (1.815TiB)
[75416:11625925:0706/191813.231808:VERBOSE1:chrome/updater/updater.cc:386] Available disk space in temporary directory (/var/folders/ld/20j4p2791k5_90_0ccgx2txm0000gr/T/): 771002245120B (718.052GiB) / 1995165736960B (1.815TiB)
[75416:11625925:0706/191813.231880:VERBOSE2:chrome/updater/event_history.cc:265] Emitted a UPDATER_PROCESS START event to the history log
[75414:11625921:0706/191813.232367:VERBOSE1:chrome/updater/crash_reporter.cc:124] Crash handler launched and ready.
[75414:11625921:0706/191813.233169:VERBOSE1:chrome/updater/crash_client.cc:108] Found 0 completed crash reports
[75414:11625921:0706/191813.233253:VERBOSE1:chrome/updater/crash_client.cc:132] Found 0 pending crash reports
[75414:11625921:0706/191813.233335:ERROR:third_party/crashpad/crashpad/util/file/file_io_posix.cc:145] open /Users/mkbabb/Library/Application Support/Google/Chrome Dev/Crashpad/settings.dat: No such file or directory (2)
[75414:11625921:0706/191813.233347:ERROR:third_party/crashpad/crashpad/util/file/file_io_posix.cc:145] open /Users/mkbabb/Library/Application Support/Google/RLZ/Crashpad/settings.dat: No such file or directory (2)
[75414:11625921:0706/191813.233356:ERROR:third_party/crashpad/crashpad/util/file/file_io_posix.cc:145] open /Users/mkbabb/Library/Application Support/Google/Chrome Beta/Crashpad/settings.dat: No such file or directory (2)
[75414:11625921:0706/191813.233517:VERBOSE1:chrome/updater/updater.cc:105] Crash reporting initialized.
[75414:11625933:0706/191813.233840:VERBOSE1:chrome/updater/app/app_wakeall.cc:58] Launching `/Users/mkbabb/Library/Application Support/Google/GoogleUpdater/151.0.7910.0/GoogleUpdater.app/Contents/MacOS/GoogleUpdater --wake`
[75417:11625937:0706/191813.241198:VERBOSE1:chrome/updater/updater.cc:374] Version: 151.0.7910.0, opt, ARM_64, command line: /Users/mkbabb/Library/Application Support/Google/GoogleUpdater/151.0.7910.0/GoogleUpdater.app/Contents/MacOS/GoogleUpdater --wake --enable-logging --vmodule=*/components/update_client/*=2,*/chrome/enterprise_companion/*=2,*/chrome/updater/*=2
[75417:11625937:0706/191813.241402:VERBOSE1:chrome/updater/updater.cc:377] OS version: 26.4.1, arch: arm64, System uptime (seconds): 176253, parent pid: 75414
[75417:11625937:0706/191813.243347:VERBOSE1:chrome/updater/updater.cc:382] Available disk space in install directory (/Users/mkbabb/Library/Application Support/Google/GoogleUpdater): 771002171392B (718.052GiB) / 1995165736960B (1.815TiB)
[75417:11625937:0706/191813.243363:VERBOSE1:chrome/updater/updater.cc:386] Available disk space in temporary directory (/var/folders/ld/20j4p2791k5_90_0ccgx2txm0000gr/T/): 771002171392B (718.052GiB) / 1995165736960B (1.815TiB)
[75417:11625937:0706/191813.243448:VERBOSE2:chrome/updater/event_history.cc:265] Emitted a UPDATER_PROCESS START event to the history log
[75419:11625941:0706/191813.251862:VERBOSE1:chrome/updater/updater.cc:374] Version: 151.0.7910.0, opt, ARM_64, command line: /Users/mkbabb/Library/Application Support/Google/GoogleUpdater/151.0.7910.0/GoogleUpdater.app/Contents/MacOS/GoogleUpdater --crash-handler --database=/Users/mkbabb/Library/Application Support/Google/GoogleUpdater/151.0.7910.0/Crashpad --url=https://clients2.google.com/cr/report --annotation=prod=Update4 --annotation=ver=151.0.7910.0 --handshake-fd=6 --enable-logging --vmodule=*/components/update_client/*=2,*/chrome/enterprise_companion/*=2,*/chrome/updater/*=2
[75419:11625941:0706/191813.252050:VERBOSE1:chrome/updater/updater.cc:377] OS version: 26.4.1, arch: arm64, System uptime (seconds): 176253, parent pid: 1
[75419:11625941:0706/191813.253721:VERBOSE1:chrome/updater/updater.cc:382] Available disk space in install directory (/Users/mkbabb/Library/Application Support/Google/GoogleUpdater): 771002171392B (718.052GiB) / 1995165736960B (1.815TiB)
[75419:11625941:0706/191813.253738:VERBOSE1:chrome/updater/updater.cc:386] Available disk space in temporary directory (/var/folders/ld/20j4p2791k5_90_0ccgx2txm0000gr/T/): 771002171392B (718.052GiB) / 1995165736960B (1.815TiB)
[75419:11625941:0706/191813.253808:VERBOSE2:chrome/updater/event_history.cc:265] Emitted a UPDATER_PROCESS START event to the history log
[75417:11625937:0706/191813.254212:VERBOSE1:chrome/updater/crash_reporter.cc:124] Crash handler launched and ready.
[75417:11625937:0706/191813.254759:VERBOSE1:chrome/updater/crash_client.cc:108] Found 0 completed crash reports
[75417:11625937:0706/191813.254810:VERBOSE1:chrome/updater/crash_client.cc:132] Found 0 pending crash reports
[75417:11625937:0706/191813.254877:ERROR:third_party/crashpad/crashpad/util/file/file_io_posix.cc:145] open /Users/mkbabb/Library/Application Support/Google/Chrome Dev/Crashpad/settings.dat: No such file or directory (2)
[75417:11625937:0706/191813.254886:ERROR:third_party/crashpad/crashpad/util/file/file_io_posix.cc:145] open /Users/mkbabb/Library/Application Support/Google/RLZ/Crashpad/settings.dat: No such file or directory (2)
[75417:11625937:0706/191813.254893:ERROR:third_party/crashpad/crashpad/util/file/file_io_posix.cc:145] open /Users/mkbabb/Library/Application Support/Google/Chrome Beta/Crashpad/settings.dat: No such file or directory (2)
[75417:11625937:0706/191813.255022:VERBOSE1:chrome/updater/updater.cc:105] Crash reporting initialized.
[75417:11625937:0706/191813.255175:VERBOSE1:chrome/updater/ipc/update_service_internal_proxy_mojo.cc:61] Run
[75024:11624110:0706/191822.288567:ERROR:google_apis/gcm/engine/registration_request.cc:291] Registration response error message: DEPRECATED_ENDPOINT
[75417:11625937:0706/191826.375603:VERBOSE1:chrome/updater/app/app.cc:52] Shutdown: 0
[75417:11625937:0706/191826.375830:VERBOSE2:chrome/updater/event_history.cc:265] Emitted a UPDATER_PROCESS END event to the history log
[75417:11625937:0706/191826.375841:VERBOSE1:chrome/updater/updater.cc:419] UpdaterMain (--wake) returned 0.
[75414:11625933:0706/191826.500725:VERBOSE1:chrome/updater/app/app_wakeall.cc:68] `/Users/mkbabb/Library/Application Support/Google/GoogleUpdater/151.0.7910.0/GoogleUpdater.app/Contents/MacOS/GoogleUpdater --wake` exited 0
[75414:11625921:0706/191826.500786:VERBOSE1:chrome/updater/app/app.cc:52] Shutdown: 0
[75414:11625921:0706/191826.501117:VERBOSE2:chrome/updater/event_history.cc:265] Emitted a UPDATER_PROCESS END event to the history log
[75414:11625921:0706/191826.501141:VERBOSE1:chrome/updater/updater.cc:419] UpdaterMain (--wake-all) returned 0.
[75419:11625941:0706/191858.123679:VERBOSE2:chrome/updater/event_history.cc:265] Emitted a UPDATER_PROCESS END event to the history log
[75419:11625941:0706/191858.123891:VERBOSE1:chrome/updater/updater.cc:419] UpdaterMain (--crash-handler) returned 0.
[75416:11625925:0706/191858.125032:VERBOSE2:chrome/updater/event_history.cc:265] Emitted a UPDATER_PROCESS END event to the history log
[75416:11625925:0706/191858.125045:VERBOSE1:chrome/updater/updater.cc:419] UpdaterMain (--crash-handler) returned 0.
[75024:11624110:0706/191911.243157:ERROR:google_apis/gcm/engine/registration_request.cc:291] Registration response error message: DEPRECATED_ENDPOINT
Trying to load the allocator multiple times. This is *not* supported.
WARNING: All log messages before absl::InitializeLog() is called are written to STDERR
I0000 00:00:1783380054.259086 11636135 environment.cc:556] Selected adapter: Apple M5 Max, arch=metal-3, vendor=apple, backend=Metal, adapterType=Integrated GPU
I0000 00:00:1783380054.261054 11636143 environment.cc:556] Selected adapter: Apple M5 Max, arch=metal-3, vendor=apple, backend=Metal, adapterType=Integrated GPU
[75024:11624110:0706/192102.421761:ERROR:google_apis/gcm/engine/registration_request.cc:291] Registration response error message: DEPRECATED_ENDPOINT
[75029:11624124:0706/192250.299807:ERROR:gpu/command_buffer/service/shared_image/shared_image_representation.cc:792] Attempt to read from an uninitialized SharedImage. Initialized region: (0, 0, 0, 0) Size: (1285, 3206) Debug Label: CanvasResourceRaster_Pid:78360
[75029:11624124:0706/192250.302616:ERROR:gpu/command_buffer/service/raster_decoder.cc:267] [.RendererMainThread-0x124004a9c00]GL ERROR :GL_INVALID_OPERATION : SharedImageProviderImpl::OpenSharedImageForRead: Couldn't access shared image for mailbox:7F:FD:FF:70:1D:4A:57:38:D6:04:CA:47:CE:68:42:49
[75029:11624124:0706/192250.302665:ERROR:gpu/command_buffer/service/raster_decoder.cc:3052] [.RendererMainThread-0x124004a9c00]GL ERROR :GL_INVALID_OPERATION : glRasterCHROMIUM: RasterCHROMIUM: serialization failure
[75029:11624124:0706/192250.308099:ERROR:gpu/command_buffer/service/shared_image/shared_image_representation.cc:792] Attempt to read from an uninitialized SharedImage. Initialized region: (0, 0, 0, 0) Size: (1285, 3206) Debug Label: CanvasResourceRaster_Pid:78360
[75029:11624124:0706/192250.308142:ERROR:gpu/command_buffer/service/raster_decoder.cc:267] [.RendererMainThread-0x124004a9c00]GL ERROR :GL_INVALID_OPERATION : SharedImageProviderImpl::OpenSharedImageForRead: Couldn't access shared image for mailbox:00:E3:B4:DC:68:7D:E6:01:4A:9D:32:F1:4E:48:DC:5B
[75029:11624124:0706/192250.308159:ERROR:gpu/command_buffer/service/raster_decoder.cc:3052] [.RendererMainThread-0x124004a9c00]GL ERROR :GL_INVALID_OPERATION : glRasterCHROMIUM: RasterCHROMIUM: serialization failure
[75029:11624124:0706/192250.508415:ERROR:gpu/command_buffer/service/shared_image/shared_image_representation.cc:792] Attempt to read from an uninitialized SharedImage. Initialized region: (0, 0, 0, 0) Size: (1285, 3206) Debug Label: CanvasResourceRaster_Pid:78360
[75029:11624124:0706/192250.508460:ERROR:gpu/command_buffer/service/raster_decoder.cc:267] [.RendererMainThread-0x124004a9c00]GL ERROR :GL_INVALID_OPERATION : SharedImageProviderImpl::OpenSharedImageForRead: Couldn't access shared image for mailbox:96:45:A7:A3:D2:A3:10:95:70:74:A0:D8:4C:BD:87:51
[75029:11624124:0706/192250.508474:ERROR:gpu/command_buffer/service/raster_decoder.cc:3052] [.RendererMainThread-0x124004a9c00]GL ERROR :GL_INVALID_OPERATION : glRasterCHROMIUM: RasterCHROMIUM: serialization failure
[75029:11624124:0706/192250.556836:ERROR:gpu/command_buffer/service/shared_image/shared_image_representation.cc:792] Attempt to read from an uninitialized SharedImage. Initialized region: (0, 0, 0, 0) Size: (1285, 3206) Debug Label: CanvasResourceRaster_Pid:78360
[75029:11624124:0706/192250.556868:ERROR:gpu/command_buffer/service/raster_decoder.cc:267] [.RendererMainThread-0x124004a9c00]GL ERROR :GL_INVALID_OPERATION : SharedImageProviderImpl::OpenSharedImageForRead: Couldn't access shared image for mailbox:9C:36:C7:FB:F9:50:7A:AB:01:0B:2C:35:20:62:B7:17
[75029:11624124:0706/192250.556882:ERROR:gpu/command_buffer/service/raster_decoder.cc:3052] [.RendererMainThread-0x124004a9c00]GL ERROR :GL_INVALID_OPERATION : glRasterCHROMIUM: RasterCHROMIUM: serialization failure
[75029:11624124:0706/192250.566420:ERROR:gpu/command_buffer/service/shared_image/shared_image_representation.cc:792] Attempt to read from an uninitialized SharedImage. Initialized region: (0, 0, 0, 0) Size: (1285, 3206) Debug Label: CanvasResourceRaster_Pid:78360
[75029:11624124:0706/192250.566441:ERROR:gpu/command_buffer/service/raster_decoder.cc:267] [.RendererMainThread-0x124004a9c00]GL ERROR :GL_INVALID_OPERATION : SharedImageProviderImpl::OpenSharedImageForRead: Couldn't access shared image for mailbox:4C:0E:9F:A2:03:FD:D2:93:7D:39:F5:EC:EB:9E:A1:CB
[75029:11624124:0706/192250.566453:ERROR:gpu/command_buffer/service/raster_decoder.cc:3052] [.RendererMainThread-0x124004a9c00]GL ERROR :GL_INVALID_OPERATION : glRasterCHROMIUM: RasterCHROMIUM: serialization failure
[75029:11624124:0706/192250.766202:ERROR:gpu/command_buffer/service/shared_image/shared_image_representation.cc:792] Attempt to read from an uninitialized SharedImage. Initialized region: (0, 0, 0, 0) Size: (1285, 3206) Debug Label: CanvasResourceRaster_Pid:78360
[75029:11624124:0706/192250.766235:ERROR:gpu/command_buffer/service/raster_decoder.cc:267] [.RendererMainThread-0x124004a9c00]GL ERROR :GL_INVALID_OPERATION : SharedImageProviderImpl::OpenSharedImageForRead: Couldn't access shared image for mailbox:69:DF:58:EA:5A:61:4F:58:97:FC:F8:5B:71:49:55:9D
[75029:11624124:0706/192250.766248:ERROR:gpu/command_buffer/service/raster_decoder.cc:3052] [.RendererMainThread-0x124004a9c00]GL ERROR :GL_INVALID_OPERATION : glRasterCHROMIUM: RasterCHROMIUM: serialization failure
[75029:11624124:0706/192250.816299:ERROR:gpu/command_buffer/service/shared_image/shared_image_representation.cc:792] Attempt to read from an uninitialized SharedImage. Initialized region: (0, 0, 0, 0) Size: (1285, 3206) Debug Label: CanvasResourceRaster_Pid:78360
[75029:11624124:0706/192250.816325:ERROR:gpu/command_buffer/service/raster_decoder.cc:267] [.RendererMainThread-0x124004a9c00]GL ERROR :GL_INVALID_OPERATION : SharedImageProviderImpl::OpenSharedImageForRead: Couldn't access shared image for mailbox:CB:E4:4F:BD:62:DA:65:4E:A7:3D:44:33:A0:A4:73:03
[75029:11624124:0706/192250.816336:ERROR:gpu/command_buffer/service/raster_decoder.cc:3052] [.RendererMainThread-0x124004a9c00]GL ERROR :GL_INVALID_OPERATION : glRasterCHROMIUM: RasterCHROMIUM: serialization failure
[75029:11624124:0706/192250.823610:ERROR:gpu/command_buffer/service/shared_image/shared_image_representation.cc:792] Attempt to read from an uninitialized SharedImage. Initialized region: (0, 0, 0, 0) Size: (1285, 3206) Debug Label: CanvasResourceRaster_Pid:78360
[75029:11624124:0706/192250.823631:ERROR:gpu/command_buffer/service/raster_decoder.cc:267] [.RendererMainThread-0x124004a9c00]GL ERROR :GL_INVALID_OPERATION : SharedImageProviderImpl::OpenSharedImageForRead: Couldn't access shared image for mailbox:DA:4C:39:21:07:63:EC:B9:6C:00:97:86:A0:EE:7C:0D
[75029:11624124:0706/192250.823652:ERROR:gpu/command_buffer/service/raster_decoder.cc:3052] [.RendererMainThread-0x124004a9c00]GL ERROR :GL_INVALID_OPERATION : glRasterCHROMIUM: RasterCHROMIUM: serialization failure
[75029:11624124:0706/192251.024401:ERROR:gpu/command_buffer/service/shared_image/shared_image_representation.cc:792] Attempt to read from an uninitialized SharedImage. Initialized region: (0, 0, 0, 0) Size: (1285, 3206) Debug Label: CanvasResourceRaster_Pid:78360
[75029:11624124:0706/192251.024428:ERROR:gpu/command_buffer/service/raster_decoder.cc:267] [.RendererMainThread-0x124004a9c00]GL ERROR :GL_INVALID_OPERATION : SharedImageProviderImpl::OpenSharedImageForRead: Couldn't access shared image for mailbox:FD:B0:CF:76:60:DC:14:E9:5E:04:37:C6:37:84:20:C9
[0706/192251.199884:WARNING:third_party/crashpad/crashpad/util/numeric/in_range_cast.h:38] value -143893734 out of range
[75029:11624124:0706/192251.209846:ERROR:gpu/command_buffer/service/raster_decoder.cc:3052] [.RendererMainThread-0x124004a9c00]GL ERROR :GL_INVALID_OPERATION : glRasterCHROMIUM: RasterCHROMIUM: serialization failure
[75029:11624124:0706/192251.212029:ERROR:gpu/command_buffer/service/shared_image/shared_image_representation.cc:792] Attempt to read from an uninitialized SharedImage. Initialized region: (0, 0, 0, 0) Size: (1285, 3206) Debug Label: CanvasResourceRaster_Pid:78360
[75029:11624124:0706/192251.212047:ERROR:gpu/command_buffer/service/raster_decoder.cc:267] [.RendererMainThread-0x124004a9c00]GL ERROR :GL_INVALID_OPERATION : SharedImageProviderImpl::OpenSharedImageForRead: Couldn't access shared image for mailbox:82:59:A6:F4:4C:C7:44:4F:CE:5F:EC:40:CB:0A:94:4D
[75029:11624124:0706/192251.212059:ERROR:gpu/command_buffer/service/raster_decoder.cc:3052] [.RendererMainThread-0x124004a9c00]GL ERROR :GL_INVALID_OPERATION : glRasterCHROMIUM: RasterCHROMIUM: serialization failure
[75029:11624124:0706/192251.215456:ERROR:gpu/command_buffer/service/shared_image/shared_image_representation.cc:792] Attempt to read from an uninitialized SharedImage. Initialized region: (0, 0, 0, 0) Size: (1285, 3206) Debug Label: CanvasResourceRaster_Pid:78360
[75029:11624124:0706/192251.215478:ERROR:gpu/command_buffer/service/raster_decoder.cc:267] [.RendererMainThread-0x124004a9c00]GL ERROR :GL_INVALID_OPERATION : SharedImageProviderImpl::OpenSharedImageForRead: Couldn't access shared image for mailbox:0C:5A:F0:0E:11:D0:42:C2:48:A6:D0:AF:76:4D:07:AD
[75029:11624124:0706/192251.215490:ERROR:gpu/command_buffer/service/raster_decoder.cc:3052] [.RendererMainThread-0x124004a9c00]GL ERROR :GL_INVALID_OPERATION : glRasterCHROMIUM: RasterCHROMIUM: serialization failure
[75029:11624124:0706/192251.467282:ERROR:gpu/command_buffer/service/shared_image/shared_image_representation.cc:792] Attempt to read from an uninitialized SharedImage. Initialized region: (0, 0, 0, 0) Size: (1285, 3206) Debug Label: CanvasResourceRaster_Pid:78360
[75029:11624124:0706/192251.467317:ERROR:gpu/command_buffer/service/raster_decoder.cc:267] [.RendererMainThread-0x124004a9c00]GL ERROR :GL_INVALID_OPERATION : SharedImageProviderImpl::OpenSharedImageForRead: Couldn't access shared image for mailbox:72:9D:CF:E8:50:46:71:EF:C5:D3:3B:7F:5D:2B:1A:25
[75029:11624124:0706/192251.467330:ERROR:gpu/command_buffer/service/raster_decoder.cc:3052] [.RendererMainThread-0x124004a9c00]GL ERROR :GL_INVALID_OPERATION : glRasterCHROMIUM: RasterCHROMIUM: serialization failure
[75029:11624124:0706/192251.468750:ERROR:gpu/command_buffer/service/shared_image/shared_image_representation.cc:792] Attempt to read from an uninitialized SharedImage. Initialized region: (0, 0, 0, 0) Size: (1285, 3206) Debug Label: CanvasResourceRaster_Pid:78360
[75029:11624124:0706/192251.468769:ERROR:gpu/command_buffer/service/raster_decoder.cc:267] [.RendererMainThread-0x124004a9c00]GL ERROR :GL_INVALID_OPERATION : SharedImageProviderImpl::OpenSharedImageForRead: Couldn't access shared image for mailbox:2E:B6:57:31:B0:D2:F4:D1:6A:11:5F:23:09:45:57:8B
[75029:11624124:0706/192251.468791:ERROR:gpu/command_buffer/service/raster_decoder.cc:3052] [.RendererMainThread-0x124004a9c00]GL ERROR :GL_INVALID_OPERATION : glRasterCHROMIUM: RasterCHROMIUM: serialization failure
[75029:11624124:0706/192251.473889:ERROR:gpu/command_buffer/service/shared_image/shared_image_representation.cc:792] Attempt to read from an uninitialized SharedImage. Initialized region: (0, 0, 0, 0) Size: (1285, 3206) Debug Label: CanvasResourceRaster_Pid:78360
[75029:11624124:0706/192251.473907:ERROR:gpu/command_buffer/service/raster_decoder.cc:267] [.RendererMainThread-0x124004a9c00]GL ERROR :GL_INVALID_OPERATION : SharedImageProviderImpl::OpenSharedImageForRead: Couldn't access shared image for mailbox:1A:C0:61:2E:C1:6D:09:C8:19:32:68:D7:D5:89:54:59
[75029:11624124:0706/192251.473917:ERROR:gpu/command_buffer/service/raster_decoder.cc:3052] [.RendererMainThread-0x124004a9c00]GL ERROR :GL_INVALID_OPERATION : glRasterCHROMIUM: RasterCHROMIUM: serialization failure
[75029:11624124:0706/192251.723534:ERROR:gpu/command_buffer/service/shared_image/shared_image_representation.cc:792] Attempt to read from an uninitialized SharedImage. Initialized region: (0, 0, 0, 0) Size: (1285, 3206) Debug Label: CanvasResourceRaster_Pid:78360
[75029:11624124:0706/192251.723570:ERROR:gpu/command_buffer/service/raster_decoder.cc:267] [.RendererMainThread-0x124004a9c00]GL ERROR :GL_INVALID_OPERATION : SharedImageProviderImpl::OpenSharedImageForRead: Couldn't access shared image for mailbox:1E:DF:BF:05:0E:C3:6B:46:F9:27:F2:D2:2A:B1:68:7B
[75029:11624124:0706/192251.723583:ERROR:gpu/command_buffer/service/raster_decoder.cc:3052] [.RendererMainThread-0x124004a9c00]GL ERROR :GL_INVALID_OPERATION : glRasterCHROMIUM: RasterCHROMIUM: serialization failure
[75029:11624124:0706/192251.724737:ERROR:gpu/command_buffer/service/shared_image/shared_image_representation.cc:792] Attempt to read from an uninitialized SharedImage. Initialized region: (0, 0, 0, 0) Size: (1285, 3206) Debug Label: CanvasResourceRaster_Pid:78360
[75029:11624124:0706/192251.724751:ERROR:gpu/command_buffer/service/raster_decoder.cc:267] [.RendererMainThread-0x124004a9c00]GL ERROR :GL_INVALID_OPERATION : SharedImageProviderImpl::OpenSharedImageForRead: Couldn't access shared image for mailbox:9E:A6:2E:DD:36:96:AB:7B:E0:86:12:F8:C8:BD:07:FB
[75029:11624124:0706/192251.724759:ERROR:gpu/command_buffer/service/raster_decoder.cc:3052] [.RendererMainThread-0x124004a9c00]GL ERROR :GL_INVALID_OPERATION : glRasterCHROMIUM: RasterCHROMIUM: serialization failure
[75029:11624124:0706/192251.731043:ERROR:gpu/command_buffer/service/shared_image/shared_image_representation.cc:792] Attempt to read from an uninitialized SharedImage. Initialized region: (0, 0, 0, 0) Size: (1285, 3206) Debug Label: CanvasResourceRaster_Pid:78360
[75029:11624124:0706/192251.731072:ERROR:gpu/command_buffer/service/raster_decoder.cc:267] [.RendererMainThread-0x124004a9c00]GL ERROR :GL_INVALID_OPERATION : SharedImageProviderImpl::OpenSharedImageForRead: Couldn't access shared image for mailbox:F4:8A:00:42:3B:E3:D4:8E:86:A1:D7:90:72:00:E2:E3
[75029:11624124:0706/192251.731084:ERROR:gpu/command_buffer/service/raster_decoder.cc:3052] [.RendererMainThread-0x124004a9c00]GL ERROR :GL_INVALID_OPERATION : glRasterCHROMIUM: RasterCHROMIUM: serialization failure
[75029:11624124:0706/192251.981557:ERROR:gpu/command_buffer/service/shared_image/shared_image_representation.cc:792] Attempt to read from an uninitialized SharedImage. Initialized region: (0, 0, 0, 0) Size: (1285, 3206) Debug Label: CanvasResourceRaster_Pid:78360
[75029:11624124:0706/192251.981603:ERROR:gpu/command_buffer/service/raster_decoder.cc:267] [.RendererMainThread-0x124004a9c00]GL ERROR :GL_INVALID_OPERATION : SharedImageProviderImpl::OpenSharedImageForRead: Couldn't access shared image for mailbox:34:3E:7F:AB:D9:D5:8A:72:70:E6:11:3E:C2:F2:99:1B
[75029:11624124:0706/192251.981630:ERROR:gpu/command_buffer/service/raster_decoder.cc:3052] [.RendererMainThread-0x124004a9c00]GL ERROR :GL_INVALID_OPERATION : glRasterCHROMIUM: RasterCHROMIUM: serialization failure
[75029:11624124:0706/192251.983485:ERROR:gpu/command_buffer/service/shared_image/shared_image_representation.cc:792] Attempt to read from an uninitialized SharedImage. Initialized region: (0, 0, 0, 0) Size: (1285, 3206) Debug Label: CanvasResourceRaster_Pid:78360
[75029:11624124:0706/192251.983517:ERROR:gpu/command_buffer/service/raster_decoder.cc:267] [.RendererMainThread-0x124004a9c00]GL ERROR :GL_INVALID_OPERATION : SharedImageProviderImpl::OpenSharedImageForRead: Couldn't access shared image for mailbox:05:46:88:89:2C:11:BE:0B:D2:C4:59:4D:32:58:CA:43
[75029:11624124:0706/192251.983533:ERROR:gpu/command_buffer/service/raster_decoder.cc:3052] [.RendererMainThread-0x124004a9c00]GL ERROR :GL_INVALID_OPERATION : glRasterCHROMIUM: RasterCHROMIUM: serialization failure
[75029:11624124:0706/192251.991806:ERROR:gpu/command_buffer/service/shared_image/shared_image_representation.cc:792] Attempt to read from an uninitialized SharedImage. Initialized region: (0, 0, 0, 0) Size: (1285, 3206) Debug Label: CanvasResourceRaster_Pid:78360
[75029:11624124:0706/192251.991847:ERROR:gpu/command_buffer/service/raster_decoder.cc:267] [.RendererMainThread-0x124004a9c00]GL ERROR :GL_INVALID_OPERATION : SharedImageProviderImpl::OpenSharedImageForRead: Couldn't access shared image for mailbox:79:64:86:80:4F:F1:5D:BB:15:A9:07:27:E8:17:A5:83
[75029:11624124:0706/192251.991871:ERROR:gpu/command_buffer/service/raster_decoder.cc:3052] [.RendererMainThread-0x124004a9c00]GL ERROR :GL_INVALID_OPERATION : glRasterCHROMIUM: RasterCHROMIUM: serialization failure
[75029:11624124:0706/192252.241538:ERROR:gpu/command_buffer/service/shared_image/shared_image_representation.cc:792] Attempt to read from an uninitialized SharedImage. Initialized region: (0, 0, 0, 0) Size: (1285, 3206) Debug Label: CanvasResourceRaster_Pid:78360
[75029:11624124:0706/192252.241586:ERROR:gpu/command_buffer/service/raster_decoder.cc:267] [.RendererMainThread-0x124004a9c00]GL ERROR :GL_INVALID_OPERATION : SharedImageProviderImpl::OpenSharedImageForRead: Couldn't access shared image for mailbox:7F:25:BD:58:43:CE:70:62:AB:77:F7:80:51:06:2E:97
[75029:11624124:0706/192252.241611:ERROR:gpu/command_buffer/service/raster_decoder.cc:3052] [.RendererMainThread-0x124004a9c00]GL ERROR :GL_INVALID_OPERATION : glRasterCHROMIUM: RasterCHROMIUM: serialization failure
[75029:11624124:0706/192252.243927:ERROR:gpu/command_buffer/service/shared_image/shared_image_representation.cc:792] Attempt to read from an uninitialized SharedImage. Initialized region: (0, 0, 0, 0) Size: (1285, 3206) Debug Label: CanvasResourceRaster_Pid:78360
[75029:11624124:0706/192252.243968:ERROR:gpu/command_buffer/service/raster_decoder.cc:267] [.RendererMainThread-0x124004a9c00]GL ERROR :GL_INVALID_OPERATION : SharedImageProviderImpl::OpenSharedImageForRead: Couldn't access shared image for mailbox:F3:57:14:A6:3F:35:10:65:6D:8D:4D:22:A1:0F:F6:D9
[75029:11624124:0706/192252.243989:ERROR:gpu/command_buffer/service/raster_decoder.cc:3052] [.RendererMainThread-0x124004a9c00]GL ERROR :GL_INVALID_OPERATION : glRasterCHROMIUM: RasterCHROMIUM: serialization failure
[75029:11624124:0706/192252.249759:ERROR:gpu/command_buffer/service/shared_image/shared_image_representation.cc:792] Attempt to read from an uninitialized SharedImage. Initialized region: (0, 0, 0, 0) Size: (1285, 3206) Debug Label: CanvasResourceRaster_Pid:78360
[75029:11624124:0706/192252.249803:ERROR:gpu/command_buffer/service/raster_decoder.cc:267] [.RendererMainThread-0x124004a9c00]GL ERROR :GL_INVALID_OPERATION : SharedImageProviderImpl::OpenSharedImageForRead: Couldn't access shared image for mailbox:CA:67:1D:3A:DD:86:EF:8B:03:55:E7:4A:A1:7C:B2:31
[75029:11624124:0706/192252.249826:ERROR:gpu/command_buffer/service/raster_decoder.cc:3052] [.RendererMainThread-0x124004a9c00]GL ERROR :GL_INVALID_OPERATION : glRasterCHROMIUM: RasterCHROMIUM: serialization failure
[75029:11624124:0706/192252.499476:ERROR:gpu/command_buffer/service/shared_image/shared_image_representation.cc:792] Attempt to read from an uninitialized SharedImage. Initialized region: (0, 0, 0, 0) Size: (1285, 3206) Debug Label: CanvasResourceRaster_Pid:78360
[75029:11624124:0706/192252.499515:ERROR:gpu/command_buffer/service/raster_decoder.cc:267] [.RendererMainThread-0x124004a9c00]GL ERROR :GL_INVALID_OPERATION : SharedImageProviderImpl::OpenSharedImageForRead: Couldn't access shared image for mailbox:31:21:C9:F8:21:13:93:CA:DF:1D:53:9C:2E:44:BA:BF
[75029:11624124:0706/192252.499529:ERROR:gpu/command_buffer/service/raster_decoder.cc:3052] [.RendererMainThread-0x124004a9c00]GL ERROR :GL_INVALID_OPERATION : glRasterCHROMIUM: RasterCHROMIUM: serialization failure
[75029:11624124:0706/192252.500945:ERROR:gpu/command_buffer/service/shared_image/shared_image_representation.cc:792] Attempt to read from an uninitialized SharedImage. Initialized region: (0, 0, 0, 0) Size: (1285, 3206) Debug Label: CanvasResourceRaster_Pid:78360
[75029:11624124:0706/192252.500962:ERROR:gpu/command_buffer/service/raster_decoder.cc:267] [.RendererMainThread-0x124004a9c00]GL ERROR :GL_INVALID_OPERATION : SharedImageProviderImpl::OpenSharedImageForRead: Couldn't access shared image for mailbox:AB:F8:56:31:DC:B9:FA:45:D2:67:73:FB:FA:D2:18:DD
[75029:11624124:0706/192252.500971:ERROR:gpu/command_buffer/service/raster_decoder.cc:3052] [.RendererMainThread-0x124004a9c00]GL ERROR :GL_INVALID_OPERATION : glRasterCHROMIUM: RasterCHROMIUM: serialization failure
[75029:11624124:0706/192252.507853:ERROR:gpu/command_buffer/service/shared_image/shared_image_representation.cc:792] Attempt to read from an uninitialized SharedImage. Initialized region: (0, 0, 0, 0) Size: (1285, 3206) Debug Label: CanvasResourceRaster_Pid:78360
[75029:11624124:0706/192252.507873:ERROR:gpu/command_buffer/service/raster_decoder.cc:267] [.RendererMainThread-0x124004a9c00]GL ERROR :GL_INVALID_OPERATION : SharedImageProviderImpl::OpenSharedImageForRead: Couldn't access shared image for mailbox:BF:FA:9D:3C:41:DE:A5:31:A3:B9:30:09:4E:6A:6E:2B
[75029:11624124:0706/192252.507883:ERROR:gpu/command_buffer/service/raster_decoder.cc:3052] [.RendererMainThread-0x124004a9c00]GL ERROR :GL_INVALID_OPERATION : glRasterCHROMIUM: RasterCHROMIUM: serialization failure
[75029:11624124:0706/192252.756563:ERROR:gpu/command_buffer/service/shared_image/shared_image_representation.cc:792] Attempt to read from an uninitialized SharedImage. Initialized region: (0, 0, 0, 0) Size: (1285, 3206) Debug Label: CanvasResourceRaster_Pid:78360
[75029:11624124:0706/192252.756613:ERROR:gpu/command_buffer/service/raster_decoder.cc:267] [.RendererMainThread-0x124004a9c00]GL ERROR :GL_INVALID_OPERATION : SharedImageProviderImpl::OpenSharedImageForRead: Couldn't access shared image for mailbox:E5:D3:F9:95:51:02:D1:D2:39:6B:28:19:BE:7D:96:AF
[75029:11624124:0706/192252.756636:ERROR:gpu/command_buffer/service/raster_decoder.cc:3052] [.RendererMainThread-0x124004a9c00]GL ERROR :GL_INVALID_OPERATION : glRasterCHROMIUM: RasterCHROMIUM: serialization failure
[75029:11624124:0706/192252.759190:ERROR:gpu/command_buffer/service/shared_image/shared_image_representation.cc:792] Attempt to read from an uninitialized SharedImage. Initialized region: (0, 0, 0, 0) Size: (1285, 3206) Debug Label: CanvasResourceRaster_Pid:78360
[75029:11624124:0706/192252.759228:ERROR:gpu/command_buffer/service/raster_decoder.cc:267] [.RendererMainThread-0x124004a9c00]GL ERROR :GL_INVALID_OPERATION : SharedImageProviderImpl::OpenSharedImageForRead: Couldn't access shared image for mailbox:0A:54:F5:BB:1A:92:17:36:BF:05:14:01:9F:9C:00:AF
[75029:11624124:0706/192252.759250:ERROR:gpu/command_buffer/service/raster_decoder.cc:3052] [.RendererMainThread-0x124004a9c00]GL ERROR :GL_INVALID_OPERATION : glRasterCHROMIUM: RasterCHROMIUM: serialization failure
[75029:11624124:0706/192252.765759:ERROR:gpu/command_buffer/service/shared_image/shared_image_representation.cc:792] Attempt to read from an uninitialized SharedImage. Initialized region: (0, 0, 0, 0) Size: (1285, 3206) Debug Label: CanvasResourceRaster_Pid:78360
[75029:11624124:0706/192252.765784:ERROR:gpu/command_buffer/service/raster_decoder.cc:267] [.RendererMainThread-0x124004a9c00]GL ERROR :GL_INVALID_OPERATION : SharedImageProviderImpl::OpenSharedImageForRead: Couldn't access shared image for mailbox:03:36:18:83:ED:05:D0:DE:BB:5C:63:98:84:24:8E:2F
[75029:11624124:0706/192252.765813:ERROR:gpu/command_buffer/service/raster_decoder.cc:3052] [.RendererMainThread-0x124004a9c00]GL ERROR :GL_INVALID_OPERATION : glRasterCHROMIUM: RasterCHROMIUM: serialization failure
[75029:11624124:0706/192253.016891:ERROR:gpu/command_buffer/service/shared_image/shared_image_representation.cc:792] Attempt to read from an uninitialized SharedImage. Initialized region: (0, 0, 0, 0) Size: (1285, 3206) Debug Label: CanvasResourceRaster_Pid:78360
[75029:11624124:0706/192253.016936:ERROR:gpu/command_buffer/service/raster_decoder.cc:267] [.RendererMainThread-0x124004a9c00]GL ERROR :GL_INVALID_OPERATION : SharedImageProviderImpl::OpenSharedImageForRead: Couldn't access shared image for mailbox:61:4E:F6:AF:C9:4C:8E:EA:13:EE:FE:F3:A3:EF:01:97
[75029:11624124:0706/192253.016961:ERROR:gpu/command_buffer/service/raster_decoder.cc:3052] [.RendererMainThread-0x124004a9c00]GL ERROR :GL_INVALID_OPERATION : glRasterCHROMIUM: RasterCHROMIUM: serialization failure
[75029:11624124:0706/192253.019415:ERROR:gpu/command_buffer/service/shared_image/shared_image_representation.cc:792] Attempt to read from an uninitialized SharedImage. Initialized region: (0, 0, 0, 0) Size: (1285, 3206) Debug Label: CanvasResourceRaster_Pid:78360
[75029:11624124:0706/192253.019460:ERROR:gpu/command_buffer/service/raster_decoder.cc:267] [.RendererMainThread-0x124004a9c00]GL ERROR :GL_INVALID_OPERATION : SharedImageProviderImpl::OpenSharedImageForRead: Couldn't access shared image for mailbox:DD:8F:BF:B0:1A:03:FF:54:E7:23:7B:50:7E:08:36:05
[75029:11624124:0706/192253.019483:ERROR:gpu/command_buffer/service/raster_decoder.cc:3052] [.RendererMainThread-0x124004a9c00]GL ERROR :GL_INVALID_OPERATION : glRasterCHROMIUM: RasterCHROMIUM: serialization failure
[75029:11624124:0706/192253.024775:ERROR:gpu/command_buffer/service/shared_image/shared_image_representation.cc:792] Attempt to read from an uninitialized SharedImage. Initialized region: (0, 0, 0, 0) Size: (1285, 3206) Debug Label: CanvasResourceRaster_Pid:78360
[75029:11624124:0706/192253.024823:ERROR:gpu/command_buffer/service/raster_decoder.cc:267] [.RendererMainThread-0x124004a9c00]GL ERROR :GL_INVALID_OPERATION : SharedImageProviderImpl::OpenSharedImageForRead: Couldn't access shared image for mailbox:10:00:D6:F6:F8:E2:90:6A:85:FD:82:03:40:FB:8A:A3
[75029:11624124:0706/192253.024847:ERROR:gpu/command_buffer/service/raster_decoder.cc:3052] [.RendererMainThread-0x124004a9c00]GL ERROR :GL_INVALID_OPERATION : glRasterCHROMIUM: RasterCHROMIUM: serialization failure
[75029:11624124:0706/192253.274846:ERROR:gpu/command_buffer/service/shared_image/shared_image_representation.cc:792] Attempt to read from an uninitialized SharedImage. Initialized region: (0, 0, 0, 0) Size: (1285, 3206) Debug Label: CanvasResourceRaster_Pid:78360
[75029:11624124:0706/192253.274888:ERROR:gpu/command_buffer/service/raster_decoder.cc:267] [.RendererMainThread-0x124004a9c00]GL ERROR :GL_INVALID_OPERATION : SharedImageProviderImpl::OpenSharedImageForRead: Couldn't access shared image for mailbox:75:2C:6C:B4:B8:A3:3C:0A:0A:4F:DC:86:EC:DD:C8:51
[75029:11624124:0706/192253.274911:ERROR:gpu/command_buffer/service/raster_decoder.cc:3052] [.RendererMainThread-0x124004a9c00]GL ERROR :GL_INVALID_OPERATION : glRasterCHROMIUM: RasterCHROMIUM: serialization failure
[75029:11624124:0706/192253.277493:ERROR:gpu/command_buffer/service/shared_image/shared_image_representation.cc:792] Attempt to read from an uninitialized SharedImage. Initialized region: (0, 0, 0, 0) Size: (1285, 3206) Debug Label: CanvasResourceRaster_Pid:78360
[75029:11624124:0706/192253.277539:ERROR:gpu/command_buffer/service/raster_decoder.cc:267] [.RendererMainThread-0x124004a9c00]GL ERROR :GL_INVALID_OPERATION : SharedImageProviderImpl::OpenSharedImageForRead: Couldn't access shared image for mailbox:B8:11:9E:55:10:92:D6:2F:A7:C3:44:D5:86:2D:9C:5D
[75029:11624124:0706/192253.277562:ERROR:gpu/command_buffer/service/raster_decoder.cc:3052] [.RendererMainThread-0x124004a9c00]GL ERROR :GL_INVALID_OPERATION : glRasterCHROMIUM: RasterCHROMIUM: serialization failure
[75029:11624124:0706/192253.282406:ERROR:gpu/command_buffer/service/shared_image/shared_image_representation.cc:792] Attempt to read from an uninitialized SharedImage. Initialized region: (0, 0, 0, 0) Size: (1285, 3206) Debug Label: CanvasResourceRaster_Pid:78360
[75029:11624124:0706/192253.282441:ERROR:gpu/command_buffer/service/raster_decoder.cc:267] [.RendererMainThread-0x124004a9c00]GL ERROR :GL_INVALID_OPERATION : SharedImageProviderImpl::OpenSharedImageForRead: Couldn't access shared image for mailbox:A3:BB:BE:77:67:A5:CE:1A:A4:12:6B:A1:E0:17:92:A9
[75029:11624124:0706/192253.282457:ERROR:gpu/command_buffer/service/raster_decoder.cc:3052] [.RendererMainThread-0x124004a9c00]GL ERROR :GL_INVALID_OPERATION : glRasterCHROMIUM: RasterCHROMIUM: serialization failure
[75029:11624124:0706/192253.533179:ERROR:gpu/command_buffer/service/shared_image/shared_image_representation.cc:792] Attempt to read from an uninitialized SharedImage. Initialized region: (0, 0, 0, 0) Size: (1285, 3206) Debug Label: CanvasResourceRaster_Pid:78360
[75029:11624124:0706/192253.533216:ERROR:gpu/command_buffer/service/raster_decoder.cc:267] [.RendererMainThread-0x124004a9c00]GL ERROR :GL_INVALID_OPERATION : SharedImageProviderImpl::OpenSharedImageForRead: Couldn't access shared image for mailbox:3F:99:5F:1D:00:B2:C2:16:BA:18:A9:59:66:73:65:B3
[75029:11624124:0706/192253.533237:ERROR:gpu/command_buffer/service/raster_decoder.cc:3052] [.RendererMainThread-0x124004a9c00]GL ERROR :GL_INVALID_OPERATION : glRasterCHROMIUM: RasterCHROMIUM: serialization failure
[75029:11624124:0706/192253.535625:ERROR:gpu/command_buffer/service/shared_image/shared_image_representation.cc:792] Attempt to read from an uninitialized SharedImage. Initialized region: (0, 0, 0, 0) Size: (1285, 3206) Debug Label: CanvasResourceRaster_Pid:78360
[75029:11624124:0706/192253.535683:ERROR:gpu/command_buffer/service/raster_decoder.cc:267] [.RendererMainThread-0x124004a9c00]GL ERROR :GL_INVALID_OPERATION : SharedImageProviderImpl::OpenSharedImageForRead: Couldn't access shared image for mailbox:52:D5:B0:14:2B:37:01:73:15:B7:2A:24:9B:76:4B:65
[75029:11624124:0706/192253.535713:ERROR:gpu/command_buffer/service/raster_decoder.cc:3052] [.RendererMainThread-0x124004a9c00]GL ERROR :GL_INVALID_OPERATION : glRasterCHROMIUM: RasterCHROMIUM: serialization failure
[75029:11624124:0706/192253.540232:ERROR:gpu/command_buffer/service/shared_image/shared_image_representation.cc:792] Attempt to read from an uninitialized SharedImage. Initialized region: (0, 0, 0, 0) Size: (1285, 3206) Debug Label: CanvasResourceRaster_Pid:78360
[75029:11624124:0706/192253.540278:ERROR:gpu/command_buffer/service/raster_decoder.cc:267] [.RendererMainThread-0x124004a9c00]GL ERROR :GL_INVALID_OPERATION : SharedImageProviderImpl::OpenSharedImageForRead: Couldn't access shared image for mailbox:8F:12:24:94:97:8A:58:E6:98:F8:E3:22:93:3C:08:39
[75029:11624124:0706/192253.540303:ERROR:gpu/command_buffer/service/raster_decoder.cc:3052] [.RendererMainThread-0x124004a9c00]GL ERROR :GL_INVALID_OPERATION : glRasterCHROMIUM: RasterCHROMIUM: serialization failure
[75029:11624124:0706/192253.789656:ERROR:gpu/command_buffer/service/shared_image/shared_image_representation.cc:792] Attempt to read from an uninitialized SharedImage. Initialized region: (0, 0, 0, 0) Size: (1285, 3206) Debug Label: CanvasResourceRaster_Pid:78360
[75029:11624124:0706/192253.789675:ERROR:gpu/command_buffer/service/raster_decoder.cc:267] [.RendererMainThread-0x124004a9c00]GL ERROR :GL_INVALID_OPERATION : SharedImageProviderImpl::OpenSharedImageForRead: Couldn't access shared image for mailbox:51:46:C8:10:DD:76:3C:13:3C:E7:D2:00:4B:41:F2:EF
[75029:11624124:0706/192253.789688:ERROR:gpu/command_buffer/service/raster_decoder.cc:3052] [.RendererMainThread-0x124004a9c00]GL ERROR :GL_INVALID_OPERATION : glRasterCHROMIUM: RasterCHROMIUM: serialization failure
[75029:11624124:0706/192253.790998:ERROR:gpu/command_buffer/service/shared_image/shared_image_representation.cc:792] Attempt to read from an uninitialized SharedImage. Initialized region: (0, 0, 0, 0) Size: (1285, 3206) Debug Label: CanvasResourceRaster_Pid:78360
[75029:11624124:0706/192253.791024:ERROR:gpu/command_buffer/service/raster_decoder.cc:267] [.RendererMainThread-0x124004a9c00]GL ERROR :GL_INVALID_OPERATION : SharedImageProviderImpl::OpenSharedImageForRead: Couldn't access shared image for mailbox:AC:5F:E2:DB:41:E9:88:CD:C6:71:EB:4E:09:D4:6A:17
[75029:11624124:0706/192253.791035:ERROR:gpu/command_buffer/service/raster_decoder.cc:3052] [.RendererMainThread-0x124004a9c00]GL ERROR :GL_INVALID_OPERATION : glRasterCHROMIUM: RasterCHROMIUM: serialization failure
[75029:11624124:0706/192253.799707:ERROR:gpu/command_buffer/service/shared_image/shared_image_representation.cc:792] Attempt to read from an uninitialized SharedImage. Initialized region: (0, 0, 0, 0) Size: (1285, 3206) Debug Label: CanvasResourceRaster_Pid:78360
[75029:11624124:0706/192253.799723:ERROR:gpu/command_buffer/service/raster_decoder.cc:267] [.RendererMainThread-0x124004a9c00]GL ERROR :GL_INVALID_OPERATION : SharedImageProviderImpl::OpenSharedImageForRead: Couldn't access shared image for mailbox:93:E7:62:B7:3D:DE:E4:8A:43:40:7B:4B:73:D6:62:69
[75029:11624124:0706/192253.799733:ERROR:gpu/command_buffer/service/raster_decoder.cc:3052] [.RendererMainThread-0x124004a9c00]GL ERROR :GL_INVALID_OPERATION : glRasterCHROMIUM: RasterCHROMIUM: serialization failure
[75029:11624124:0706/192254.050159:ERROR:gpu/command_buffer/service/shared_image/shared_image_representation.cc:792] Attempt to read from an uninitialized SharedImage. Initialized region: (0, 0, 0, 0) Size: (1285, 3206) Debug Label: CanvasResourceRaster_Pid:78360
[75029:11624124:0706/192254.050240:ERROR:gpu/command_buffer/service/raster_decoder.cc:267] [.RendererMainThread-0x124004a9c00]GL ERROR :GL_INVALID_OPERATION : SharedImageProviderImpl::OpenSharedImageForRead: Couldn't access shared image for mailbox:10:B8:95:67:71:0C:D9:74:95:3C:23:D0:79:A5:32:4B
[75029:11624124:0706/192254.050271:ERROR:gpu/command_buffer/service/raster_decoder.cc:3052] [.RendererMainThread-0x124004a9c00]GL ERROR :GL_INVALID_OPERATION : glRasterCHROMIUM: RasterCHROMIUM: serialization failure
[75029:11624124:0706/192254.052966:ERROR:gpu/command_buffer/service/shared_image/shared_image_representation.cc:792] Attempt to read from an uninitialized SharedImage. Initialized region: (0, 0, 0, 0) Size: (1285, 3206) Debug Label: CanvasResourceRaster_Pid:78360
[75029:11624124:0706/192254.053023:ERROR:gpu/command_buffer/service/raster_decoder.cc:267] [.RendererMainThread-0x124004a9c00]GL ERROR :GL_INVALID_OPERATION : SharedImageProviderImpl::OpenSharedImageForRead: Couldn't access shared image for mailbox:E6:7F:AB:AD:56:D3:36:DC:02:CB:24:95:74:01:28:3F
[75029:11624124:0706/192254.053050:ERROR:gpu/command_buffer/service/raster_decoder.cc:3052] [.RendererMainThread-0x124004a9c00]GL ERROR :GL_INVALID_OPERATION : glRasterCHROMIUM: RasterCHROMIUM: serialization failure
[75029:11624124:0706/192254.057586:ERROR:gpu/command_buffer/service/shared_image/shared_image_representation.cc:792] Attempt to read from an uninitialized SharedImage. Initialized region: (0, 0, 0, 0) Size: (1285, 3206) Debug Label: CanvasResourceRaster_Pid:78360
[75029:11624124:0706/192254.058559:ERROR:gpu/command_buffer/service/raster_decoder.cc:267] [.RendererMainThread-0x124004a9c00]GL ERROR :GL_INVALID_OPERATION : SharedImageProviderImpl::OpenSharedImageForRead: Couldn't access shared image for mailbox:49:81:C7:06:29:61:59:95:F4:93:A6:6F:52:D2:03:31
[75029:11624124:0706/192254.058595:ERROR:gpu/command_buffer/service/raster_decoder.cc:3052] [.RendererMainThread-0x124004a9c00]GL ERROR :GL_INVALID_OPERATION : glRasterCHROMIUM: RasterCHROMIUM: serialization failure
[75029:11624124:0706/192254.576010:ERROR:gpu/command_buffer/service/shared_image/shared_image_representation.cc:792] Attempt to read from an uninitialized SharedImage. Initialized region: (0, 0, 0, 0) Size: (1285, 2033) Debug Label: CanvasResourceRaster_Pid:78360
[75029:11624124:0706/192254.576058:ERROR:gpu/command_buffer/service/raster_decoder.cc:267] [.RendererMainThread-0x124004a9c00]GL ERROR :GL_INVALID_OPERATION : SharedImageProviderImpl::OpenSharedImageForRead: Couldn't access shared image for mailbox:CC:03:2B:2A:45:0D:5A:72:CA:F0:77:BD:7C:52:31:E9
[75029:11624124:0706/192254.576072:ERROR:gpu/command_buffer/service/raster_decoder.cc:3052] [.RendererMainThread-0x124004a9c00]GL ERROR :GL_INVALID_OPERATION : glRasterCHROMIUM: RasterCHROMIUM: serialization failure
[75029:11624124:0706/192254.577116:ERROR:gpu/command_buffer/service/shared_image/shared_image_representation.cc:792] Attempt to read from an uninitialized SharedImage. Initialized region: (0, 0, 0, 0) Size: (1285, 2033) Debug Label: CanvasResourceRaster_Pid:78360
[75029:11624124:0706/192254.577130:ERROR:gpu/command_buffer/service/raster_decoder.cc:267] [.RendererMainThread-0x124004a9c00]GL ERROR :GL_INVALID_OPERATION : SharedImageProviderImpl::OpenSharedImageForRead: Couldn't access shared image for mailbox:A5:7B:65:F6:63:DD:B8:70:45:35:99:BD:FA:85:BB:81
[75029:11624124:0706/192254.577137:ERROR:gpu/command_buffer/service/raster_decoder.cc:3052] [.RendererMainThread-0x124004a9c00]GL ERROR :GL_INVALID_OPERATION : glRasterCHROMIUM: RasterCHROMIUM: serialization failure
[75029:11624124:0706/192254.832535:ERROR:gpu/command_buffer/service/shared_image/shared_image_representation.cc:792] Attempt to read from an uninitialized SharedImage. Initialized region: (0, 0, 0, 0) Size: (1285, 2033) Debug Label: CanvasResourceRaster_Pid:78360
[75029:11624124:0706/192254.832562:ERROR:gpu/command_buffer/service/raster_decoder.cc:267] [.RendererMainThread-0x124004a9c00]GL ERROR :GL_INVALID_OPERATION : SharedImageProviderImpl::OpenSharedImageForRead: Couldn't access shared image for mailbox:13:EE:7E:89:36:85:51:64:F6:C1:D2:59:13:D9:B0:37
[75029:11624124:0706/192254.832576:ERROR:gpu/command_buffer/service/raster_decoder.cc:3052] [.RendererMainThread-0x124004a9c00]GL ERROR :GL_INVALID_OPERATION : glRasterCHROMIUM: RasterCHROMIUM: serialization failure
[75029:11624124:0706/192254.834021:ERROR:gpu/command_buffer/service/shared_image/shared_image_representation.cc:792] Attempt to read from an uninitialized SharedImage. Initialized region: (0, 0, 0, 0) Size: (1285, 2033) Debug Label: CanvasResourceRaster_Pid:78360
[75029:11624124:0706/192254.834039:ERROR:gpu/command_buffer/service/raster_decoder.cc:267] [.RendererMainThread-0x124004a9c00]GL ERROR :GL_INVALID_OPERATION : SharedImageProviderImpl::OpenSharedImageForRead: Couldn't access shared image for mailbox:CE:B7:AB:9B:07:14:26:68:7A:F0:87:3E:76:C0:4A:A9
[75029:11624124:0706/192254.834049:ERROR:gpu/command_buffer/service/raster_decoder.cc:3052] [.RendererMainThread-0x124004a9c00]GL ERROR :GL_INVALID_OPERATION : glRasterCHROMIUM: RasterCHROMIUM: serialization failure
[75029:11624124:0706/192255.089493:ERROR:gpu/command_buffer/service/shared_image/shared_image_representation.cc:792] Attempt to read from an uninitialized SharedImage. Initialized region: (0, 0, 0, 0) Size: (1285, 2033) Debug Label: CanvasResourceRaster_Pid:78360
[75029:11624124:0706/192255.089527:ERROR:gpu/command_buffer/service/raster_decoder.cc:267] [.RendererMainThread-0x124004a9c00]GL ERROR :GL_INVALID_OPERATION : SharedImageProviderImpl::OpenSharedImageForRead: Couldn't access shared image for mailbox:18:2A:4E:36:EB:04:99:5A:57:64:C1:7F:39:FC:37:0D
[75029:11624124:0706/192255.089544:ERROR:gpu/command_buffer/service/raster_decoder.cc:3052] [.RendererMainThread-0x124004a9c00]GL ERROR :GL_INVALID_OPERATION : glRasterCHROMIUM: RasterCHROMIUM: serialization failure
[75029:11624124:0706/192255.090765:ERROR:gpu/command_buffer/service/shared_image/shared_image_representation.cc:792] Attempt to read from an uninitialized SharedImage. Initialized region: (0, 0, 0, 0) Size: (1285, 2033) Debug Label: CanvasResourceRaster_Pid:78360
[75029:11624124:0706/192255.090802:ERROR:gpu/command_buffer/service/raster_decoder.cc:267] [.RendererMainThread-0x124004a9c00]GL ERROR :GL_INVALID_OPERATION : SharedImageProviderImpl::OpenSharedImageForRead: Couldn't access shared image for mailbox:DD:E0:7D:BE:21:F4:AB:B5:EE:D8:AF:71:01:7D:94:21
[75029:11624124:0706/192255.090829:ERROR:gpu/command_buffer/service/raster_decoder.cc:3052] [.RendererMainThread-0x124004a9c00]GL ERROR :GL_INVALID_OPERATION : glRasterCHROMIUM: RasterCHROMIUM: serialization failure
[75029:11624124:0706/192255.341619:ERROR:gpu/command_buffer/service/shared_image/shared_image_representation.cc:792] Attempt to read from an uninitialized SharedImage. Initialized region: (0, 0, 0, 0) Size: (1285, 2033) Debug Label: CanvasResourceRaster_Pid:78360
[75029:11624124:0706/192255.341650:ERROR:gpu/command_buffer/service/raster_decoder.cc:267] [.RendererMainThread-0x124004a9c00]GL ERROR :GL_INVALID_OPERATION : SharedImageProviderImpl::OpenSharedImageForRead: Couldn't access shared image for mailbox:27:7B:CA:08:CF:1B:E0:B5:65:3A:37:59:D8:24:E9:3B
[75029:11624124:0706/192255.341674:ERROR:gpu/command_buffer/service/raster_decoder.cc:3052] [.RendererMainThread-0x124004a9c00]GL ERROR :GL_INVALID_OPERATION : glRasterCHROMIUM: RasterCHROMIUM: serialization failure
[75029:11624124:0706/192255.349929:ERROR:gpu/command_buffer/service/shared_image/shared_image_representation.cc:792] Attempt to read from an uninitialized SharedImage. Initialized region: (0, 0, 0, 0) Size: (1285, 2033) Debug Label: CanvasResourceRaster_Pid:78360
[75029:11624124:0706/192255.349949:ERROR:gpu/command_buffer/service/raster_decoder.cc:267] [.RendererMainThread-0x124004a9c00]GL ERROR :GL_INVALID_OPERATION : SharedImageProviderImpl::OpenSharedImageForRead: Couldn't access shared image for mailbox:85:F7:BD:71:52:17:4D:6D:60:DA:9C:17:31:30:31:53
[75029:11624124:0706/192255.349965:ERROR:gpu/command_buffer/service/raster_decoder.cc:3052] [.RendererMainThread-0x124004a9c00]GL ERROR :GL_INVALID_OPERATION : glRasterCHROMIUM: RasterCHROMIUM: serialization failure
[75029:11624124:0706/192255.599907:ERROR:gpu/command_buffer/service/shared_image/shared_image_representation.cc:792] Attempt to read from an uninitialized SharedImage. Initialized region: (0, 0, 0, 0) Size: (1285, 2033) Debug Label: CanvasResourceRaster_Pid:78360
[75029:11624124:0706/192255.599935:ERROR:gpu/command_buffer/service/raster_decoder.cc:267] [.RendererMainThread-0x124004a9c00]GL ERROR :GL_INVALID_OPERATION : SharedImageProviderImpl::OpenSharedImageForRead: Couldn't access shared image for mailbox:89:44:0C:CD:53:75:74:9D:27:F2:BA:13:DF:07:11:1F
[75029:11624124:0706/192255.599947:ERROR:gpu/command_buffer/service/raster_decoder.cc:3052] [.RendererMainThread-0x124004a9c00]GL ERROR :GL_INVALID_OPERATION : glRasterCHROMIUM: RasterCHROMIUM: serialization failure
[75029:11624124:0706/192255.607624:ERROR:gpu/command_buffer/service/shared_image/shared_image_representation.cc:792] Attempt to read from an uninitialized SharedImage. Initialized region: (0, 0, 0, 0) Size: (1285, 2033) Debug Label: CanvasResourceRaster_Pid:78360
[75029:11624124:0706/192255.607648:ERROR:gpu/command_buffer/service/raster_decoder.cc:267] [.RendererMainThread-0x124004a9c00]GL ERROR :GL_INVALID_OPERATION : SharedImageProviderImpl::OpenSharedImageForRead: Couldn't access shared image for mailbox:3E:9A:95:0A:D6:67:6E:45:B7:FC:25:99:F8:D4:54:F3
[75029:11624124:0706/192255.607658:ERROR:gpu/command_buffer/service/raster_decoder.cc:3052] [.RendererMainThread-0x124004a9c00]GL ERROR :GL_INVALID_OPERATION : glRasterCHROMIUM: RasterCHROMIUM: serialization failure
[75029:11624124:0706/192255.858440:ERROR:gpu/command_buffer/service/shared_image/shared_image_representation.cc:792] Attempt to read from an uninitialized SharedImage. Initialized region: (0, 0, 0, 0) Size: (1285, 2033) Debug Label: CanvasResourceRaster_Pid:78360
[75029:11624124:0706/192255.858481:ERROR:gpu/command_buffer/service/raster_decoder.cc:267] [.RendererMainThread-0x124004a9c00]GL ERROR :GL_INVALID_OPERATION : SharedImageProviderImpl::OpenSharedImageForRead: Couldn't access shared image for mailbox:82:2A:64:F7:F9:51:51:52:BE:4B:AE:F5:0F:9D:8F:F9
[75029:11624124:0706/192255.858504:ERROR:gpu/command_buffer/service/raster_decoder.cc:3052] [.RendererMainThread-0x124004a9c00]GL ERROR :GL_INVALID_OPERATION : glRasterCHROMIUM: RasterCHROMIUM: serialization failure
[75029:11624124:0706/192255.864821:ERROR:gpu/command_buffer/service/shared_image/shared_image_representation.cc:792] Attempt to read from an uninitialized SharedImage. Initialized region: (0, 0, 0, 0) Size: (1285, 2033) Debug Label: CanvasResourceRaster_Pid:78360
[75029:11624124:0706/192255.864867:ERROR:gpu/command_buffer/service/raster_decoder.cc:267] [.RendererMainThread-0x124004a9c00]GL ERROR :GL_INVALID_OPERATION : SharedImageProviderImpl::OpenSharedImageForRead: Couldn't access shared image for mailbox:AD:2C:7B:6A:B8:14:AB:C9:65:57:BF:A5:CE:05:1B:BB
[75029:11624124:0706/192255.864889:ERROR:gpu/command_buffer/service/raster_decoder.cc:3052] [.RendererMainThread-0x124004a9c00]GL ERROR :GL_INVALID_OPERATION : glRasterCHROMIUM: RasterCHROMIUM: serialization failure
[75029:11624124:0706/192256.116539:ERROR:gpu/command_buffer/service/shared_image/shared_image_representation.cc:792] Attempt to read from an uninitialized SharedImage. Initialized region: (0, 0, 0, 0) Size: (1285, 2033) Debug Label: CanvasResourceRaster_Pid:78360
[75029:11624124:0706/192256.116579:ERROR:gpu/command_buffer/service/raster_decoder.cc:267] [.RendererMainThread-0x124004a9c00]GL ERROR :GL_INVALID_OPERATION : SharedImageProviderImpl::OpenSharedImageForRead: Couldn't access shared image for mailbox:77:40:5C:6F:75:1C:38:45:90:99:40:8F:51:D8:31:15
[75029:11624124:0706/192256.116601:ERROR:gpu/command_buffer/service/raster_decoder.cc:3052] [.RendererMainThread-0x124004a9c00]GL ERROR :GL_INVALID_OPERATION : glRasterCHROMIUM: RasterCHROMIUM: serialization failure
[75029:11624124:0706/192256.124457:ERROR:gpu/command_buffer/service/shared_image/shared_image_representation.cc:792] Attempt to read from an uninitialized SharedImage. Initialized region: (0, 0, 0, 0) Size: (1285, 2033) Debug Label: CanvasResourceRaster_Pid:78360
[75029:11624124:0706/192256.124487:ERROR:gpu/command_buffer/service/raster_decoder.cc:267] [.RendererMainThread-0x124004a9c00]GL ERROR :GL_INVALID_OPERATION : SharedImageProviderImpl::OpenSharedImageForRead: Couldn't access shared image for mailbox:A6:BC:9A:DF:3F:B8:8F:6B:92:C8:54:F8:15:FC:FA:85
[75029:11624124:0706/192256.124500:ERROR:gpu/command_buffer/service/raster_decoder.cc:3052] [.RendererMainThread-0x124004a9c00]GL ERROR :GL_INVALID_OPERATION : glRasterCHROMIUM: RasterCHROMIUM: serialization failure
[75029:11624124:0706/192256.374402:ERROR:gpu/command_buffer/service/shared_image/shared_image_representation.cc:792] Attempt to read from an uninitialized SharedImage. Initialized region: (0, 0, 0, 0) Size: (1285, 2033) Debug Label: CanvasResourceRaster_Pid:78360
[75029:11624124:0706/192256.374429:ERROR:gpu/command_buffer/service/raster_decoder.cc:267] [.RendererMainThread-0x124004a9c00]GL ERROR :GL_INVALID_OPERATION : SharedImageProviderImpl::OpenSharedImageForRead: Couldn't access shared image for mailbox:AE:0A:13:69:04:54:3F:A6:86:A5:9F:BC:DF:0B:F1:6F
[75029:11624124:0706/192256.374440:ERROR:gpu/command_buffer/service/raster_decoder.cc:3052] [.RendererMainThread-0x124004a9c00]GL ERROR :GL_INVALID_OPERATION : glRasterCHROMIUM: RasterCHROMIUM: serialization failure
[75029:11624124:0706/192256.381129:ERROR:gpu/command_buffer/service/shared_image/shared_image_representation.cc:792] Attempt to read from an uninitialized SharedImage. Initialized region: (0, 0, 0, 0) Size: (1285, 2033) Debug Label: CanvasResourceRaster_Pid:78360
[75029:11624124:0706/192256.381155:ERROR:gpu/command_buffer/service/raster_decoder.cc:267] [.RendererMainThread-0x124004a9c00]GL ERROR :GL_INVALID_OPERATION : SharedImageProviderImpl::OpenSharedImageForRead: Couldn't access shared image for mailbox:A0:FC:21:A0:9D:00:DC:71:69:DB:D1:56:FA:BA:F5:D7
[75029:11624124:0706/192256.381166:ERROR:gpu/command_buffer/service/raster_decoder.cc:3052] [.RendererMainThread-0x124004a9c00]GL ERROR :GL_INVALID_OPERATION : glRasterCHROMIUM: RasterCHROMIUM: serialization failure
[75029:11624124:0706/192256.632852:ERROR:gpu/command_buffer/service/shared_image/shared_image_representation.cc:792] Attempt to read from an uninitialized SharedImage. Initialized region: (0, 0, 0, 0) Size: (1285, 2033) Debug Label: CanvasResourceRaster_Pid:78360
[75029:11624124:0706/192256.632883:ERROR:gpu/command_buffer/service/raster_decoder.cc:267] [.RendererMainThread-0x124004a9c00]GL ERROR :GL_INVALID_OPERATION : SharedImageProviderImpl::OpenSharedImageForRead: Couldn't access shared image for mailbox:31:F6:1C:52:69:3C:8A:A9:AA:27:68:54:11:D5:2E:05
[75029:11624124:0706/192256.632897:ERROR:gpu/command_buffer/service/raster_decoder.cc:3052] [.RendererMainThread-0x124004a9c00]GL ERROR :GL_INVALID_OPERATION : glRasterCHROMIUM: RasterCHROMIUM: serialization failure
[75029:11624124:0706/192256.634278:ERROR:gpu/command_buffer/service/shared_image/shared_image_representation.cc:792] Attempt to read from an uninitialized SharedImage. Initialized region: (0, 0, 0, 0) Size: (1285, 2033) Debug Label: CanvasResourceRaster_Pid:78360
[75029:11624124:0706/192256.634294:ERROR:gpu/command_buffer/service/raster_decoder.cc:267] [.RendererMainThread-0x124004a9c00]GL ERROR :GL_INVALID_OPERATION : SharedImageProviderImpl::OpenSharedImageForRead: Couldn't access shared image for mailbox:81:02:2A:CF:E0:9A:24:5B:6D:58:A8:91:5C:9C:5C:CF
[75029:11624124:0706/192256.634304:ERROR:gpu/command_buffer/service/raster_decoder.cc:3052] [.RendererMainThread-0x124004a9c00]GL ERROR :GL_INVALID_OPERATION : glRasterCHROMIUM: RasterCHROMIUM: serialization failure
[75029:11624124:0706/192256.890183:ERROR:gpu/command_buffer/service/shared_image/shared_image_representation.cc:792] Attempt to read from an uninitialized SharedImage. Initialized region: (0, 0, 0, 0) Size: (1285, 2033) Debug Label: CanvasResourceRaster_Pid:78360
[75029:11624124:0706/192256.890203:ERROR:gpu/command_buffer/service/raster_decoder.cc:267] [.RendererMainThread-0x124004a9c00]GL ERROR :GL_INVALID_OPERATION : SharedImageProviderImpl::OpenSharedImageForRead: Couldn't access shared image for mailbox:52:75:EE:50:1D:62:D7:2E:F3:BF:F1:F4:31:61:00:F1
[75029:11624124:0706/192256.890217:ERROR:gpu/command_buffer/service/raster_decoder.cc:3052] [.RendererMainThread-0x124004a9c00]GL ERROR :GL_INVALID_OPERATION : glRasterCHROMIUM: RasterCHROMIUM: serialization failure
[75029:11624124:0706/192256.891739:ERROR:gpu/command_buffer/service/shared_image/shared_image_representation.cc:792] Attempt to read from an uninitialized SharedImage. Initialized region: (0, 0, 0, 0) Size: (1285, 2033) Debug Label: CanvasResourceRaster_Pid:78360
[75029:11624124:0706/192256.891753:ERROR:gpu/command_buffer/service/raster_decoder.cc:267] [.RendererMainThread-0x124004a9c00]GL ERROR :GL_INVALID_OPERATION : SharedImageProviderImpl::OpenSharedImageForRead: Couldn't access shared image for mailbox:63:5C:58:78:1F:2A:BB:56:62:D3:E6:93:89:E7:8A:5F
[75029:11624124:0706/192256.891763:ERROR:gpu/command_buffer/service/raster_decoder.cc:3052] [.RendererMainThread-0x124004a9c00]GL ERROR :GL_INVALID_OPERATION : glRasterCHROMIUM: RasterCHROMIUM: serialization failure
[75029:11624124:0706/192257.149875:ERROR:gpu/command_buffer/service/shared_image/shared_image_representation.cc:792] Attempt to read from an uninitialized SharedImage. Initialized region: (0, 0, 0, 0) Size: (1285, 2033) Debug Label: CanvasResourceRaster_Pid:78360
[75029:11624124:0706/192257.149918:ERROR:gpu/command_buffer/service/raster_decoder.cc:267] [.RendererMainThread-0x124004a9c00]GL ERROR :GL_INVALID_OPERATION : SharedImageProviderImpl::OpenSharedImageForRead: Couldn't access shared image for mailbox:34:C3:2E:41:A3:B3:F1:09:35:AA:E8:8F:70:91:AD:B9
[75029:11624124:0706/192257.149943:ERROR:gpu/command_buffer/service/raster_decoder.cc:3052] [.RendererMainThread-0x124004a9c00]GL ERROR :GL_INVALID_OPERATION : glRasterCHROMIUM: RasterCHROMIUM: serialization failure
[75029:11624124:0706/192257.152235:ERROR:gpu/command_buffer/service/shared_image/shared_image_representation.cc:792] Attempt to read from an uninitialized SharedImage. Initialized region: (0, 0, 0, 0) Size: (1285, 2033) Debug Label: CanvasResourceRaster_Pid:78360
[75029:11624124:0706/192257.152278:ERROR:gpu/command_buffer/service/raster_decoder.cc:267] [.RendererMainThread-0x124004a9c00]GL ERROR :GL_INVALID_OPERATION : SharedImageProviderImpl::OpenSharedImageForRead: Couldn't access shared image for mailbox:84:5D:2C:52:F4:9E:2A:5B:F1:3E:AE:AE:5D:90:4C:33
[75029:11624124:0706/192257.152320:ERROR:gpu/command_buffer/service/raster_decoder.cc:3052] [.RendererMainThread-0x124004a9c00]GL ERROR :GL_INVALID_OPERATION : glRasterCHROMIUM: RasterCHROMIUM: serialization failure
[75029:11624124:0706/192257.406626:ERROR:gpu/command_buffer/service/shared_image/shared_image_representation.cc:792] Attempt to read from an uninitialized SharedImage. Initialized region: (0, 0, 0, 0) Size: (1285, 2033) Debug Label: CanvasResourceRaster_Pid:78360
[75029:11624124:0706/192257.406657:ERROR:gpu/command_buffer/service/raster_decoder.cc:267] [.RendererMainThread-0x124004a9c00]GL ERROR :GL_INVALID_OPERATION : SharedImageProviderImpl::OpenSharedImageForRead: Couldn't access shared image for mailbox:C5:7E:B0:EF:68:AD:84:91:5C:32:EF:9C:06:98:6D:57
[75029:11624124:0706/192257.406682:ERROR:gpu/command_buffer/service/raster_decoder.cc:3052] [.RendererMainThread-0x124004a9c00]GL ERROR :GL_INVALID_OPERATION : glRasterCHROMIUM: RasterCHROMIUM: serialization failure
[75029:11624124:0706/192257.408786:ERROR:gpu/command_buffer/service/shared_image/shared_image_representation.cc:792] Attempt to read from an uninitialized SharedImage. Initialized region: (0, 0, 0, 0) Size: (1285, 2033) Debug Label: CanvasResourceRaster_Pid:78360
[75029:11624124:0706/192257.408818:ERROR:gpu/command_buffer/service/raster_decoder.cc:267] [.RendererMainThread-0x124004a9c00]GL ERROR :GL_INVALID_OPERATION : SharedImageProviderImpl::OpenSharedImageForRead: Couldn't access shared image for mailbox:BD:1D:3D:F7:85:BA:B1:C6:A4:8D:A0:E7:64:21:36:5F
[75029:11624124:0706/192257.408840:ERROR:gpu/command_buffer/service/raster_decoder.cc:3052] [.RendererMainThread-0x124004a9c00]GL ERROR :GL_INVALID_OPERATION : glRasterCHROMIUM: RasterCHROMIUM: serialization failure
[75029:11624124:0706/192257.666504:ERROR:gpu/command_buffer/service/shared_image/shared_image_representation.cc:792] Attempt to read from an uninitialized SharedImage. Initialized region: (0, 0, 0, 0) Size: (1285, 2033) Debug Label: CanvasResourceRaster_Pid:78360
[75029:11624124:0706/192257.666542:ERROR:gpu/command_buffer/service/raster_decoder.cc:267] [.RendererMainThread-0x124004a9c00]GL ERROR :GL_INVALID_OPERATION : SharedImageProviderImpl::OpenSharedImageForRead: Couldn't access shared image for mailbox:F8:31:A1:18:0F:B0:87:03:A3:73:59:07:B3:51:41:13
[75029:11624124:0706/192257.666566:ERROR:gpu/command_buffer/service/raster_decoder.cc:3052] [.RendererMainThread-0x124004a9c00]GL ERROR :GL_INVALID_OPERATION : glRasterCHROMIUM: RasterCHROMIUM: serialization failure
[75029:11624124:0706/192257.668890:ERROR:gpu/command_buffer/service/shared_image/shared_image_representation.cc:792] Attempt to read from an uninitialized SharedImage. Initialized region: (0, 0, 0, 0) Size: (1285, 2033) Debug Label: CanvasResourceRaster_Pid:78360
[75029:11624124:0706/192257.668926:ERROR:gpu/command_buffer/service/raster_decoder.cc:267] [.RendererMainThread-0x124004a9c00]GL ERROR :GL_INVALID_OPERATION : SharedImageProviderImpl::OpenSharedImageForRead: Couldn't access shared image for mailbox:E9:2B:6B:3E:34:50:74:9C:56:94:7F:02:C7:8B:8B:39
[75029:11624124:0706/192257.668951:ERROR:gpu/command_buffer/service/raster_decoder.cc:3052] [.RendererMainThread-0x124004a9c00]GL ERROR :GL_INVALID_OPERATION : glRasterCHROMIUM: RasterCHROMIUM: serialization failure
[75029:11624124:0706/192257.924853:ERROR:gpu/command_buffer/service/shared_image/shared_image_representation.cc:792] Attempt to read from an uninitialized SharedImage. Initialized region: (0, 0, 0, 0) Size: (1285, 2033) Debug Label: CanvasResourceRaster_Pid:78360
[75029:11624124:0706/192257.924884:ERROR:gpu/command_buffer/service/raster_decoder.cc:267] [.RendererMainThread-0x124004a9c00]GL ERROR :GL_INVALID_OPERATION : SharedImageProviderImpl::OpenSharedImageForRead: Couldn't access shared image for mailbox:CB:68:71:FA:E3:30:1E:16:BB:4B:FD:D0:0A:53:1F:43
[75029:11624124:0706/192257.924908:ERROR:gpu/command_buffer/service/raster_decoder.cc:3052] [.RendererMainThread-0x124004a9c00]GL ERROR :GL_INVALID_OPERATION : glRasterCHROMIUM: RasterCHROMIUM: serialization failure
[75029:11624124:0706/192257.926147:ERROR:gpu/command_buffer/service/shared_image/shared_image_representation.cc:792] Attempt to read from an uninitialized SharedImage. Initialized region: (0, 0, 0, 0) Size: (1285, 2033) Debug Label: CanvasResourceRaster_Pid:78360
[75029:11624124:0706/192257.926166:ERROR:gpu/command_buffer/service/raster_decoder.cc:267] [.RendererMainThread-0x124004a9c00]GL ERROR :GL_INVALID_OPERATION : SharedImageProviderImpl::OpenSharedImageForRead: Couldn't access shared image for mailbox:CE:C9:BB:21:61:F9:75:94:F4:93:62:D9:80:29:BF:11
[75029:11624124:0706/192257.926176:ERROR:gpu/command_buffer/service/raster_decoder.cc:3052] [.RendererMainThread-0x124004a9c00]GL ERROR :GL_INVALID_OPERATION : glRasterCHROMIUM: RasterCHROMIUM: serialization failure
[75029:11624124:0706/192258.183174:ERROR:gpu/command_buffer/service/shared_image/shared_image_representation.cc:792] Attempt to read from an uninitialized SharedImage. Initialized region: (0, 0, 0, 0) Size: (1285, 2033) Debug Label: CanvasResourceRaster_Pid:78360
[75029:11624124:0706/192258.183215:ERROR:gpu/command_buffer/service/raster_decoder.cc:267] [.RendererMainThread-0x124004a9c00]GL ERROR :GL_INVALID_OPERATION : SharedImageProviderImpl::OpenSharedImageForRead: Couldn't access shared image for mailbox:C6:6F:F5:04:5E:74:2C:04:5B:73:76:0F:AC:86:F0:FF
[75029:11624124:0706/192258.183239:ERROR:gpu/command_buffer/service/raster_decoder.cc:3052] [.RendererMainThread-0x124004a9c00]GL ERROR :GL_INVALID_OPERATION : glRasterCHROMIUM: RasterCHROMIUM: serialization failure
[75029:11624124:0706/192258.185702:ERROR:gpu/command_buffer/service/shared_image/shared_image_representation.cc:792] Attempt to read from an uninitialized SharedImage. Initialized region: (0, 0, 0, 0) Size: (1285, 2033) Debug Label: CanvasResourceRaster_Pid:78360
[75029:11624124:0706/192258.185739:ERROR:gpu/command_buffer/service/raster_decoder.cc:267] [.RendererMainThread-0x124004a9c00]GL ERROR :GL_INVALID_OPERATION : SharedImageProviderImpl::OpenSharedImageForRead: Couldn't access shared image for mailbox:0D:21:4B:44:AD:8E:78:D5:19:A8:79:7A:06:C3:ED:DB
[75029:11624124:0706/192258.185762:ERROR:gpu/command_buffer/service/raster_decoder.cc:3052] [.RendererMainThread-0x124004a9c00]GL ERROR :GL_INVALID_OPERATION : glRasterCHROMIUM: RasterCHROMIUM: serialization failure
[75029:11624124:0706/192303.032969:ERROR:gpu/command_buffer/service/shared_image/shared_image_representation.cc:792] Attempt to read from an uninitialized SharedImage. Initialized region: (0, 0, 0, 0) Size: (1285, 656) Debug Label: CanvasResourceRaster_Pid:78360
[75029:11624124:0706/192303.035526:ERROR:gpu/command_buffer/service/raster_decoder.cc:267] [.RendererMainThread-0x124004a9c00]GL ERROR :GL_INVALID_OPERATION : SharedImageProviderImpl::OpenSharedImageForRead: Couldn't access shared image for mailbox:9E:F7:AC:C2:D0:A0:89:C5:30:D2:65:02:4D:24:12:FB
[75029:11624124:0706/192303.035549:ERROR:gpu/command_buffer/service/raster_decoder.cc:3052] [.RendererMainThread-0x124004a9c00]GL ERROR :GL_INVALID_OPERATION : glRasterCHROMIUM: RasterCHROMIUM: serialization failure
[75029:11624124:0706/192303.036704:ERROR:gpu/command_buffer/service/shared_image/shared_image_representation.cc:792] Attempt to read from an uninitialized SharedImage. Initialized region: (0, 0, 0, 0) Size: (1285, 656) Debug Label: CanvasResourceRaster_Pid:78360
[75029:11624124:0706/192303.036721:ERROR:gpu/command_buffer/service/raster_decoder.cc:267] [.RendererMainThread-0x124004a9c00]GL ERROR :GL_INVALID_OPERATION : SharedImageProviderImpl::OpenSharedImageForRead: Couldn't access shared image for mailbox:C8:A9:BA:FD:FB:83:C4:65:17:28:AC:F6:C0:6E:1B:CF
[75029:11624124:0706/192303.036731:ERROR:gpu/command_buffer/service/raster_decoder.cc:3052] [.RendererMainThread-0x124004a9c00]GL ERROR :GL_INVALID_OPERATION : glRasterCHROMIUM: RasterCHROMIUM: serialization failure
[75029:11624124:0706/192303.291705:ERROR:gpu/command_buffer/service/shared_image/shared_image_representation.cc:792] Attempt to read from an uninitialized SharedImage. Initialized region: (0, 0, 0, 0) Size: (1285, 656) Debug Label: CanvasResourceRaster_Pid:78360
[75029:11624124:0706/192303.291751:ERROR:gpu/command_buffer/service/raster_decoder.cc:267] [.RendererMainThread-0x124004a9c00]GL ERROR :GL_INVALID_OPERATION : SharedImageProviderImpl::OpenSharedImageForRead: Couldn't access shared image for mailbox:69:BF:A9:13:2D:53:C4:D0:21:E4:2C:ED:78:FE:AF:E5
[75029:11624124:0706/192303.291774:ERROR:gpu/command_buffer/service/raster_decoder.cc:3052] [.RendererMainThread-0x124004a9c00]GL ERROR :GL_INVALID_OPERATION : glRasterCHROMIUM: RasterCHROMIUM: serialization failure
[75029:11624124:0706/192303.292995:ERROR:gpu/command_buffer/service/shared_image/shared_image_representation.cc:792] Attempt to read from an uninitialized SharedImage. Initialized region: (0, 0, 0, 0) Size: (1285, 656) Debug Label: CanvasResourceRaster_Pid:78360
[75029:11624124:0706/192303.293023:ERROR:gpu/command_buffer/service/raster_decoder.cc:267] [.RendererMainThread-0x124004a9c00]GL ERROR :GL_INVALID_OPERATION : SharedImageProviderImpl::OpenSharedImageForRead: Couldn't access shared image for mailbox:AA:3E:D3:D1:05:31:64:18:41:DA:8E:3E:FF:F2:65:A9
[75029:11624124:0706/192303.293035:ERROR:gpu/command_buffer/service/raster_decoder.cc:3052] [.RendererMainThread-0x124004a9c00]GL ERROR :GL_INVALID_OPERATION : glRasterCHROMIUM: RasterCHROMIUM: serialization failure
[75029:11624124:0706/192303.549050:ERROR:gpu/command_buffer/service/shared_image/shared_image_representation.cc:792] Attempt to read from an uninitialized SharedImage. Initialized region: (0, 0, 0, 0) Size: (1285, 656) Debug Label: CanvasResourceRaster_Pid:78360
[75029:11624124:0706/192303.549090:ERROR:gpu/command_buffer/service/raster_decoder.cc:267] [.RendererMainThread-0x124004a9c00]GL ERROR :GL_INVALID_OPERATION : SharedImageProviderImpl::OpenSharedImageForRead: Couldn't access shared image for mailbox:94:D5:03:83:2B:58:C5:74:63:90:C6:9C:7F:2B:6F:B9
[75029:11624124:0706/192303.549112:ERROR:gpu/command_buffer/service/raster_decoder.cc:3052] [.RendererMainThread-0x124004a9c00]GL ERROR :GL_INVALID_OPERATION : glRasterCHROMIUM: RasterCHROMIUM: serialization failure
[75029:11624124:0706/192303.550671:ERROR:gpu/command_buffer/service/shared_image/shared_image_representation.cc:792] Attempt to read from an uninitialized SharedImage. Initialized region: (0, 0, 0, 0) Size: (1285, 656) Debug Label: CanvasResourceRaster_Pid:78360
[75029:11624124:0706/192303.550695:ERROR:gpu/command_buffer/service/raster_decoder.cc:267] [.RendererMainThread-0x124004a9c00]GL ERROR :GL_INVALID_OPERATION : SharedImageProviderImpl::OpenSharedImageForRead: Couldn't access shared image for mailbox:DE:1C:63:78:C7:22:B0:F7:A1:CE:25:48:D4:BB:A4:57
[75029:11624124:0706/192303.550711:ERROR:gpu/command_buffer/service/raster_decoder.cc:3052] [.RendererMainThread-0x124004a9c00]GL ERROR :GL_INVALID_OPERATION : glRasterCHROMIUM: RasterCHROMIUM: serialization failure
[75029:11624124:0706/192303.806576:ERROR:gpu/command_buffer/service/shared_image/shared_image_representation.cc:792] Attempt to read from an uninitialized SharedImage. Initialized region: (0, 0, 0, 0) Size: (1285, 656) Debug Label: CanvasResourceRaster_Pid:78360
[75029:11624124:0706/192303.806621:ERROR:gpu/command_buffer/service/raster_decoder.cc:267] [.RendererMainThread-0x124004a9c00]GL ERROR :GL_INVALID_OPERATION : SharedImageProviderImpl::OpenSharedImageForRead: Couldn't access shared image for mailbox:EC:FE:8D:C5:79:B4:D0:EE:E1:81:81:D1:2F:0E:82:4B
[75029:11624124:0706/192303.806645:ERROR:gpu/command_buffer/service/raster_decoder.cc:3052] [.RendererMainThread-0x124004a9c00]GL ERROR :GL_INVALID_OPERATION : glRasterCHROMIUM: RasterCHROMIUM: serialization failure
[75029:11624124:0706/192303.807894:ERROR:gpu/command_buffer/service/shared_image/shared_image_representation.cc:792] Attempt to read from an uninitialized SharedImage. Initialized region: (0, 0, 0, 0) Size: (1285, 656) Debug Label: CanvasResourceRaster_Pid:78360
[75029:11624124:0706/192303.807917:ERROR:gpu/command_buffer/service/raster_decoder.cc:267] [.RendererMainThread-0x124004a9c00]GL ERROR :GL_INVALID_OPERATION : SharedImageProviderImpl::OpenSharedImageForRead: Couldn't access shared image for mailbox:51:A9:1E:41:BE:FE:43:94:0F:CC:04:31:4F:BA:6E:3D
[75029:11624124:0706/192303.807933:ERROR:gpu/command_buffer/service/raster_decoder.cc:3052] [.RendererMainThread-0x124004a9c00]GL ERROR :GL_INVALID_OPERATION : glRasterCHROMIUM: RasterCHROMIUM: serialization failure
[75029:11624124:0706/192304.066823:ERROR:gpu/command_buffer/service/shared_image/shared_image_representation.cc:792] Attempt to read from an uninitialized SharedImage. Initialized region: (0, 0, 0, 0) Size: (1285, 656) Debug Label: CanvasResourceRaster_Pid:78360
[75029:11624124:0706/192304.066873:ERROR:gpu/command_buffer/service/raster_decoder.cc:267] [.RendererMainThread-0x124004a9c00]GL ERROR :GL_INVALID_OPERATION : SharedImageProviderImpl::OpenSharedImageForRead: Couldn't access shared image for mailbox:CE:A4:04:56:26:BD:C0:E6:0E:93:9B:44:DE:D1:18:8B
[75029:11624124:0706/192304.066894:ERROR:gpu/command_buffer/service/raster_decoder.cc:3052] [.RendererMainThread-0x124004a9c00]GL ERROR :GL_INVALID_OPERATION : glRasterCHROMIUM: RasterCHROMIUM: serialization failure
[75029:11624124:0706/192304.068589:ERROR:gpu/command_buffer/service/shared_image/shared_image_representation.cc:792] Attempt to read from an uninitialized SharedImage. Initialized region: (0, 0, 0, 0) Size: (1285, 656) Debug Label: CanvasResourceRaster_Pid:78360
[75029:11624124:0706/192304.068627:ERROR:gpu/command_buffer/service/raster_decoder.cc:267] [.RendererMainThread-0x124004a9c00]GL ERROR :GL_INVALID_OPERATION : SharedImageProviderImpl::OpenSharedImageForRead: Couldn't access shared image for mailbox:1D:54:06:43:7A:8A:1B:DE:E2:80:52:E7:5D:45:49:6D
[75029:11624124:0706/192304.068649:ERROR:gpu/command_buffer/service/raster_decoder.cc:3052] [.RendererMainThread-0x124004a9c00]GL ERROR :GL_INVALID_OPERATION : glRasterCHROMIUM: RasterCHROMIUM: serialization failure
[75029:11624124:0706/192304.324469:ERROR:gpu/command_buffer/service/shared_image/shared_image_representation.cc:792] Attempt to read from an uninitialized SharedImage. Initialized region: (0, 0, 0, 0) Size: (1285, 656) Debug Label: CanvasResourceRaster_Pid:78360
[75029:11624124:0706/192304.324493:ERROR:gpu/command_buffer/service/raster_decoder.cc:267] [.RendererMainThread-0x124004a9c00]GL ERROR :GL_INVALID_OPERATION : SharedImageProviderImpl::OpenSharedImageForRead: Couldn't access shared image for mailbox:34:E8:BD:C1:84:71:1E:B2:A9:E4:F6:FF:63:A5:A6:67
[75029:11624124:0706/192304.324504:ERROR:gpu/command_buffer/service/raster_decoder.cc:3052] [.RendererMainThread-0x124004a9c00]GL ERROR :GL_INVALID_OPERATION : glRasterCHROMIUM: RasterCHROMIUM: serialization failure
[75029:11624124:0706/192304.325664:ERROR:gpu/command_buffer/service/shared_image/shared_image_representation.cc:792] Attempt to read from an uninitialized SharedImage. Initialized region: (0, 0, 0, 0) Size: (1285, 656) Debug Label: CanvasResourceRaster_Pid:78360
[75029:11624124:0706/192304.325681:ERROR:gpu/command_buffer/service/raster_decoder.cc:267] [.RendererMainThread-0x124004a9c00]GL ERROR :GL_INVALID_OPERATION : SharedImageProviderImpl::OpenSharedImageForRead: Couldn't access shared image for mailbox:3E:03:D2:55:56:36:40:06:E6:60:81:37:E4:AA:FA:89
[75029:11624124:0706/192304.325694:ERROR:gpu/command_buffer/service/raster_decoder.cc:3052] [.RendererMainThread-0x124004a9c00]GL ERROR :GL_INVALID_OPERATION : glRasterCHROMIUM: RasterCHROMIUM: serialization failure
[75029:11624124:0706/192304.582952:ERROR:gpu/command_buffer/service/shared_image/shared_image_representation.cc:792] Attempt to read from an uninitialized SharedImage. Initialized region: (0, 0, 0, 0) Size: (1285, 656) Debug Label: CanvasResourceRaster_Pid:78360
[75029:11624124:0706/192304.582977:ERROR:gpu/command_buffer/service/raster_decoder.cc:267] [.RendererMainThread-0x124004a9c00]GL ERROR :GL_INVALID_OPERATION : SharedImageProviderImpl::OpenSharedImageForRead: Couldn't access shared image for mailbox:33:85:41:FE:E3:5C:2E:8E:F3:94:C7:98:60:CE:AD:0D
[75029:11624124:0706/192304.582989:ERROR:gpu/command_buffer/service/raster_decoder.cc:3052] [.RendererMainThread-0x124004a9c00]GL ERROR :GL_INVALID_OPERATION : glRasterCHROMIUM: RasterCHROMIUM: serialization failure
[75029:11624124:0706/192304.584066:ERROR:gpu/command_buffer/service/shared_image/shared_image_representation.cc:792] Attempt to read from an uninitialized SharedImage. Initialized region: (0, 0, 0, 0) Size: (1285, 656) Debug Label: CanvasResourceRaster_Pid:78360
[75029:11624124:0706/192304.584084:ERROR:gpu/command_buffer/service/raster_decoder.cc:267] [.RendererMainThread-0x124004a9c00]GL ERROR :GL_INVALID_OPERATION : SharedImageProviderImpl::OpenSharedImageForRead: Couldn't access shared image for mailbox:E5:B3:87:8D:DC:EB:D5:0F:15:36:78:63:93:35:69:CD
[75029:11624124:0706/192304.584095:ERROR:gpu/command_buffer/service/raster_decoder.cc:3052] [.RendererMainThread-0x124004a9c00]GL ERROR :GL_INVALID_OPERATION : glRasterCHROMIUM: RasterCHROMIUM: serialization failure
[75029:11624124:0706/192304.840649:ERROR:gpu/command_buffer/service/shared_image/shared_image_representation.cc:792] Attempt to read from an uninitialized SharedImage. Initialized region: (0, 0, 0, 0) Size: (1285, 656) Debug Label: CanvasResourceRaster_Pid:78360
[75029:11624124:0706/192304.840683:ERROR:gpu/command_buffer/service/raster_decoder.cc:267] [.RendererMainThread-0x124004a9c00]GL ERROR :GL_INVALID_OPERATION : SharedImageProviderImpl::OpenSharedImageForRead: Couldn't access shared image for mailbox:92:6D:11:46:A9:22:27:C1:A3:26:A4:78:C0:B4:56:D1
[75029:11624124:0706/192304.840700:ERROR:gpu/command_buffer/service/raster_decoder.cc:3052] [.RendererMainThread-0x124004a9c00]GL ERROR :GL_INVALID_OPERATION : glRasterCHROMIUM: RasterCHROMIUM: serialization failure
[75029:11624124:0706/192304.841775:ERROR:gpu/command_buffer/service/shared_image/shared_image_representation.cc:792] Attempt to read from an uninitialized SharedImage. Initialized region: (0, 0, 0, 0) Size: (1285, 656) Debug Label: CanvasResourceRaster_Pid:78360
[75029:11624124:0706/192304.841792:ERROR:gpu/command_buffer/service/raster_decoder.cc:267] [.RendererMainThread-0x124004a9c00]GL ERROR :GL_INVALID_OPERATION : SharedImageProviderImpl::OpenSharedImageForRead: Couldn't access shared image for mailbox:66:83:75:48:E3:60:5B:8E:26:0A:7F:DD:05:26:9D:1D
[75029:11624124:0706/192304.841802:ERROR:gpu/command_buffer/service/raster_decoder.cc:3052] [.RendererMainThread-0x124004a9c00]GL ERROR :GL_INVALID_OPERATION : glRasterCHROMIUM: RasterCHROMIUM: serialization failure
[75029:11624124:0706/192305.097892:ERROR:gpu/command_buffer/service/shared_image/shared_image_representation.cc:792] Attempt to read from an uninitialized SharedImage. Initialized region: (0, 0, 0, 0) Size: (1285, 656) Debug Label: CanvasResourceRaster_Pid:78360
[75029:11624124:0706/192305.097924:ERROR:gpu/command_buffer/service/raster_decoder.cc:267] [.RendererMainThread-0x124004a9c00]GL ERROR :GL_INVALID_OPERATION : SharedImageProviderImpl::OpenSharedImageForRead: Couldn't access shared image for mailbox:E6:5A:70:59:2F:2D:C2:6C:2E:31:B7:2D:4D:7E:0A:59
[75029:11624124:0706/192305.097937:ERROR:gpu/command_buffer/service/raster_decoder.cc:3052] [.RendererMainThread-0x124004a9c00]GL ERROR :GL_INVALID_OPERATION : glRasterCHROMIUM: RasterCHROMIUM: serialization failure
[75029:11624124:0706/192305.098739:ERROR:gpu/command_buffer/service/shared_image/shared_image_representation.cc:792] Attempt to read from an uninitialized SharedImage. Initialized region: (0, 0, 0, 0) Size: (1285, 656) Debug Label: CanvasResourceRaster_Pid:78360
[75029:11624124:0706/192305.098762:ERROR:gpu/command_buffer/service/raster_decoder.cc:267] [.RendererMainThread-0x124004a9c00]GL ERROR :GL_INVALID_OPERATION : SharedImageProviderImpl::OpenSharedImageForRead: Couldn't access shared image for mailbox:D1:7C:7A:1E:20:86:A1:A3:91:65:40:12:C7:6A:42:19
[75029:11624124:0706/192305.098774:ERROR:gpu/command_buffer/service/raster_decoder.cc:3052] [.RendererMainThread-0x124004a9c00]GL ERROR :GL_INVALID_OPERATION : glRasterCHROMIUM: RasterCHROMIUM: serialization failure
[75029:11624124:0706/192305.349250:ERROR:gpu/command_buffer/service/shared_image/shared_image_representation.cc:792] Attempt to read from an uninitialized SharedImage. Initialized region: (0, 0, 0, 0) Size: (1285, 656) Debug Label: CanvasResourceRaster_Pid:78360
[75029:11624124:0706/192305.349279:ERROR:gpu/command_buffer/service/raster_decoder.cc:267] [.RendererMainThread-0x124004a9c00]GL ERROR :GL_INVALID_OPERATION : SharedImageProviderImpl::OpenSharedImageForRead: Couldn't access shared image for mailbox:67:2A:C0:47:02:01:CC:FC:A4:AA:3A:20:CF:8D:CF:D5
[75029:11624124:0706/192305.349292:ERROR:gpu/command_buffer/service/raster_decoder.cc:3052] [.RendererMainThread-0x124004a9c00]GL ERROR :GL_INVALID_OPERATION : glRasterCHROMIUM: RasterCHROMIUM: serialization failure
[75029:11624124:0706/192305.357821:ERROR:gpu/command_buffer/service/shared_image/shared_image_representation.cc:792] Attempt to read from an uninitialized SharedImage. Initialized region: (0, 0, 0, 0) Size: (1285, 656) Debug Label: CanvasResourceRaster_Pid:78360
[75029:11624124:0706/192305.357840:ERROR:gpu/command_buffer/service/raster_decoder.cc:267] [.RendererMainThread-0x124004a9c00]GL ERROR :GL_INVALID_OPERATION : SharedImageProviderImpl::OpenSharedImageForRead: Couldn't access shared image for mailbox:24:C3:E7:DF:6D:BE:1D:E4:B0:C5:D3:53:35:60:4D:03
[75029:11624124:0706/192305.357849:ERROR:gpu/command_buffer/service/raster_decoder.cc:3052] [.RendererMainThread-0x124004a9c00]GL ERROR :GL_INVALID_OPERATION : glRasterCHROMIUM: RasterCHROMIUM: serialization failure
[75029:11624124:0706/192305.606098:ERROR:gpu/command_buffer/service/shared_image/shared_image_representation.cc:792] Attempt to read from an uninitialized SharedImage. Initialized region: (0, 0, 0, 0) Size: (1285, 656) Debug Label: CanvasResourceRaster_Pid:78360
[75029:11624124:0706/192305.606126:ERROR:gpu/command_buffer/service/raster_decoder.cc:267] [.RendererMainThread-0x124004a9c00]GL ERROR :GL_INVALID_OPERATION : SharedImageProviderImpl::OpenSharedImageForRead: Couldn't access shared image for mailbox:DD:EB:92:08:64:FF:9B:9F:3C:FE:8D:2C:C7:31:4A:A3
[75029:11624124:0706/192305.606137:ERROR:gpu/command_buffer/service/raster_decoder.cc:3052] [.RendererMainThread-0x124004a9c00]GL ERROR :GL_INVALID_OPERATION : glRasterCHROMIUM: RasterCHROMIUM: serialization failure
[75029:11624124:0706/192305.614389:ERROR:gpu/command_buffer/service/shared_image/shared_image_representation.cc:792] Attempt to read from an uninitialized SharedImage. Initialized region: (0, 0, 0, 0) Size: (1285, 656) Debug Label: CanvasResourceRaster_Pid:78360
[75029:11624124:0706/192305.614408:ERROR:gpu/command_buffer/service/raster_decoder.cc:267] [.RendererMainThread-0x124004a9c00]GL ERROR :GL_INVALID_OPERATION : SharedImageProviderImpl::OpenSharedImageForRead: Couldn't access shared image for mailbox:D5:5A:12:A7:20:3B:3D:1A:77:FF:1D:BE:E6:0F:0F:ED
[75029:11624124:0706/192305.614417:ERROR:gpu/command_buffer/service/raster_decoder.cc:3052] [.RendererMainThread-0x124004a9c00]GL ERROR :GL_INVALID_OPERATION : glRasterCHROMIUM: RasterCHROMIUM: serialization failure
[75029:11624124:0706/192305.857767:ERROR:gpu/command_buffer/service/shared_image/shared_image_representation.cc:792] Attempt to read from an uninitialized SharedImage. Initialized region: (0, 0, 0, 0) Size: (1285, 656) Debug Label: CanvasResourceRaster_Pid:78360
[75029:11624124:0706/192305.857793:ERROR:gpu/command_buffer/service/raster_decoder.cc:267] [.RendererMainThread-0x124004a9c00]GL ERROR :GL_INVALID_OPERATION : SharedImageProviderImpl::OpenSharedImageForRead: Couldn't access shared image for mailbox:F1:A1:79:B3:BB:64:89:FE:5A:5F:28:B7:FE:E5:71:3F
[75029:11624124:0706/192305.857806:ERROR:gpu/command_buffer/service/raster_decoder.cc:3052] [.RendererMainThread-0x124004a9c00]GL ERROR :GL_INVALID_OPERATION : glRasterCHROMIUM: RasterCHROMIUM: serialization failure
[75029:11624124:0706/192305.866515:ERROR:gpu/command_buffer/service/shared_image/shared_image_representation.cc:792] Attempt to read from an uninitialized SharedImage. Initialized region: (0, 0, 0, 0) Size: (1285, 656) Debug Label: CanvasResourceRaster_Pid:78360
[75029:11624124:0706/192305.866555:ERROR:gpu/command_buffer/service/raster_decoder.cc:267] [.RendererMainThread-0x124004a9c00]GL ERROR :GL_INVALID_OPERATION : SharedImageProviderImpl::OpenSharedImageForRead: Couldn't access shared image for mailbox:B6:FA:CE:E1:97:1B:B9:97:1E:68:FF:AC:57:8B:4A:77
[75029:11624124:0706/192305.866578:ERROR:gpu/command_buffer/service/raster_decoder.cc:3052] [.RendererMainThread-0x124004a9c00]GL ERROR :GL_INVALID_OPERATION : glRasterCHROMIUM: RasterCHROMIUM: serialization failure
[75029:11624124:0706/192306.116399:ERROR:gpu/command_buffer/service/shared_image/shared_image_representation.cc:792] Attempt to read from an uninitialized SharedImage. Initialized region: (0, 0, 0, 0) Size: (1285, 656) Debug Label: CanvasResourceRaster_Pid:78360
[75029:11624124:0706/192306.116439:ERROR:gpu/command_buffer/service/raster_decoder.cc:267] [.RendererMainThread-0x124004a9c00]GL ERROR :GL_INVALID_OPERATION : SharedImageProviderImpl::OpenSharedImageForRead: Couldn't access shared image for mailbox:87:4B:DF:3A:80:6E:68:97:69:12:85:A7:0F:20:2B:D5
[75029:11624124:0706/192306.116482:ERROR:gpu/command_buffer/service/raster_decoder.cc:3052] [.RendererMainThread-0x124004a9c00]GL ERROR :GL_INVALID_OPERATION : glRasterCHROMIUM: RasterCHROMIUM: serialization failure
[75029:11624124:0706/192306.124898:ERROR:gpu/command_buffer/service/shared_image/shared_image_representation.cc:792] Attempt to read from an uninitialized SharedImage. Initialized region: (0, 0, 0, 0) Size: (1285, 656) Debug Label: CanvasResourceRaster_Pid:78360
[75029:11624124:0706/192306.124947:ERROR:gpu/command_buffer/service/raster_decoder.cc:267] [.RendererMainThread-0x124004a9c00]GL ERROR :GL_INVALID_OPERATION : SharedImageProviderImpl::OpenSharedImageForRead: Couldn't access shared image for mailbox:D0:79:01:35:6F:8E:3E:A9:A2:3E:EE:17:4E:0C:84:FF
[75029:11624124:0706/192306.124970:ERROR:gpu/command_buffer/service/raster_decoder.cc:3052] [.RendererMainThread-0x124004a9c00]GL ERROR :GL_INVALID_OPERATION : glRasterCHROMIUM: RasterCHROMIUM: serialization failure
[75029:11624124:0706/192306.374452:ERROR:gpu/command_buffer/service/shared_image/shared_image_representation.cc:792] Attempt to read from an uninitialized SharedImage. Initialized region: (0, 0, 0, 0) Size: (1285, 656) Debug Label: CanvasResourceRaster_Pid:78360
[75029:11624124:0706/192306.374480:ERROR:gpu/command_buffer/service/raster_decoder.cc:267] [.RendererMainThread-0x124004a9c00]GL ERROR :GL_INVALID_OPERATION : SharedImageProviderImpl::OpenSharedImageForRead: Couldn't access shared image for mailbox:92:8A:A1:DB:D3:6C:C6:AA:1B:98:E7:DC:A8:E5:88:67
[75029:11624124:0706/192306.374492:ERROR:gpu/command_buffer/service/raster_decoder.cc:3052] [.RendererMainThread-0x124004a9c00]GL ERROR :GL_INVALID_OPERATION : glRasterCHROMIUM: RasterCHROMIUM: serialization failure
[75029:11624124:0706/192306.382778:ERROR:gpu/command_buffer/service/shared_image/shared_image_representation.cc:792] Attempt to read from an uninitialized SharedImage. Initialized region: (0, 0, 0, 0) Size: (1285, 656) Debug Label: CanvasResourceRaster_Pid:78360
[75029:11624124:0706/192306.382801:ERROR:gpu/command_buffer/service/raster_decoder.cc:267] [.RendererMainThread-0x124004a9c00]GL ERROR :GL_INVALID_OPERATION : SharedImageProviderImpl::OpenSharedImageForRead: Couldn't access shared image for mailbox:95:D0:66:42:69:B8:14:AF:38:AF:89:DF:E7:41:8A:21
[75029:11624124:0706/192306.382812:ERROR:gpu/command_buffer/service/raster_decoder.cc:3052] [.RendererMainThread-0x124004a9c00]GL ERROR :GL_INVALID_OPERATION : glRasterCHROMIUM: RasterCHROMIUM: serialization failure
[75029:11624124:0706/192306.632873:ERROR:gpu/command_buffer/service/shared_image/shared_image_representation.cc:792] Attempt to read from an uninitialized SharedImage. Initialized region: (0, 0, 0, 0) Size: (1285, 656) Debug Label: CanvasResourceRaster_Pid:78360
[75029:11624124:0706/192306.632899:ERROR:gpu/command_buffer/service/raster_decoder.cc:267] [.RendererMainThread-0x124004a9c00]GL ERROR :GL_INVALID_OPERATION : SharedImageProviderImpl::OpenSharedImageForRead: Couldn't access shared image for mailbox:45:6C:DE:6E:F6:7D:E5:31:57:02:5D:7B:CB:90:A2:ED
[75029:11624124:0706/192306.632913:ERROR:gpu/command_buffer/service/raster_decoder.cc:3052] [.RendererMainThread-0x124004a9c00]GL ERROR :GL_INVALID_OPERATION : glRasterCHROMIUM: RasterCHROMIUM: serialization failure
[75029:11624124:0706/192306.640792:ERROR:gpu/command_buffer/service/shared_image/shared_image_representation.cc:792] Attempt to read from an uninitialized SharedImage. Initialized region: (0, 0, 0, 0) Size: (1285, 656) Debug Label: CanvasResourceRaster_Pid:78360
[75029:11624124:0706/192306.640828:ERROR:gpu/command_buffer/service/raster_decoder.cc:267] [.RendererMainThread-0x124004a9c00]GL ERROR :GL_INVALID_OPERATION : SharedImageProviderImpl::OpenSharedImageForRead: Couldn't access shared image for mailbox:7F:45:AA:E2:B1:22:44:B4:18:17:EC:8A:02:57:82:53
[75029:11624124:0706/192306.640850:ERROR:gpu/command_buffer/service/raster_decoder.cc:3052] [.RendererMainThread-0x124004a9c00]GL ERROR :GL_INVALID_OPERATION : glRasterCHROMIUM: RasterCHROMIUM: serialization failure
[75029:11624124:0706/192307.281321:ERROR:gpu/command_buffer/service/shared_image/shared_image_representation.cc:792] Attempt to read from an uninitialized SharedImage. Initialized region: (0, 0, 0, 0) Size: (1285, 643) Debug Label: CanvasResourceRaster_Pid:78360
[75029:11624124:0706/192307.281352:ERROR:gpu/command_buffer/service/raster_decoder.cc:267] [.RendererMainThread-0x124004a9c00]GL ERROR :GL_INVALID_OPERATION : SharedImageProviderImpl::OpenSharedImageForRead: Couldn't access shared image for mailbox:5D:3E:5A:5E:FA:FD:05:59:05:92:38:79:E1:32:3C:31
[75029:11624124:0706/192307.281365:ERROR:gpu/command_buffer/service/raster_decoder.cc:3052] [.RendererMainThread-0x124004a9c00]GL ERROR :GL_INVALID_OPERATION : glRasterCHROMIUM: RasterCHROMIUM: serialization failure
[75029:11624124:0706/192307.539872:ERROR:gpu/command_buffer/service/shared_image/shared_image_representation.cc:792] Attempt to read from an uninitialized SharedImage. Initialized region: (0, 0, 0, 0) Size: (1285, 643) Debug Label: CanvasResourceRaster_Pid:78360
[75029:11624124:0706/192307.539909:ERROR:gpu/command_buffer/service/raster_decoder.cc:267] [.RendererMainThread-0x124004a9c00]GL ERROR :GL_INVALID_OPERATION : SharedImageProviderImpl::OpenSharedImageForRead: Couldn't access shared image for mailbox:D8:38:9E:6B:46:06:CC:57:7E:A3:81:9C:D1:48:45:7B
[75029:11624124:0706/192307.539932:ERROR:gpu/command_buffer/service/raster_decoder.cc:3052] [.RendererMainThread-0x124004a9c00]GL ERROR :GL_INVALID_OPERATION : glRasterCHROMIUM: RasterCHROMIUM: serialization failure
[75029:11624124:0706/192307.791821:ERROR:gpu/command_buffer/service/shared_image/shared_image_representation.cc:792] Attempt to read from an uninitialized SharedImage. Initialized region: (0, 0, 0, 0) Size: (1285, 643) Debug Label: CanvasResourceRaster_Pid:78360
[75029:11624124:0706/192307.791862:ERROR:gpu/command_buffer/service/raster_decoder.cc:267] [.RendererMainThread-0x124004a9c00]GL ERROR :GL_INVALID_OPERATION : SharedImageProviderImpl::OpenSharedImageForRead: Couldn't access shared image for mailbox:C1:CC:1A:67:1C:2E:5A:CC:BF:3F:4F:82:3A:AA:D2:B9
[75029:11624124:0706/192307.791889:ERROR:gpu/command_buffer/service/raster_decoder.cc:3052] [.RendererMainThread-0x124004a9c00]GL ERROR :GL_INVALID_OPERATION : glRasterCHROMIUM: RasterCHROMIUM: serialization failure
[75029:11624124:0706/192308.049892:ERROR:gpu/command_buffer/service/shared_image/shared_image_representation.cc:792] Attempt to read from an uninitialized SharedImage. Initialized region: (0, 0, 0, 0) Size: (1285, 643) Debug Label: CanvasResourceRaster_Pid:78360
[75029:11624124:0706/192308.049932:ERROR:gpu/command_buffer/service/raster_decoder.cc:267] [.RendererMainThread-0x124004a9c00]GL ERROR :GL_INVALID_OPERATION : SharedImageProviderImpl::OpenSharedImageForRead: Couldn't access shared image for mailbox:D1:F7:40:23:50:C6:96:D6:C2:04:8E:38:85:A7:66:85
[75029:11624124:0706/192308.049956:ERROR:gpu/command_buffer/service/raster_decoder.cc:3052] [.RendererMainThread-0x124004a9c00]GL ERROR :GL_INVALID_OPERATION : glRasterCHROMIUM: RasterCHROMIUM: serialization failure
[75029:11624124:0706/192308.307843:ERROR:gpu/command_buffer/service/shared_image/shared_image_representation.cc:792] Attempt to read from an uninitialized SharedImage. Initialized region: (0, 0, 0, 0) Size: (1285, 643) Debug Label: CanvasResourceRaster_Pid:78360
[75029:11624124:0706/192308.307885:ERROR:gpu/command_buffer/service/raster_decoder.cc:267] [.RendererMainThread-0x124004a9c00]GL ERROR :GL_INVALID_OPERATION : SharedImageProviderImpl::OpenSharedImageForRead: Couldn't access shared image for mailbox:C0:4D:CE:B0:98:A0:D6:44:72:FC:83:CC:78:D8:0D:AD
[75029:11624124:0706/192308.307910:ERROR:gpu/command_buffer/service/raster_decoder.cc:3052] [.RendererMainThread-0x124004a9c00]GL ERROR :GL_INVALID_OPERATION : glRasterCHROMIUM: RasterCHROMIUM: serialization failure
[75029:11624124:0706/192308.566564:ERROR:gpu/command_buffer/service/shared_image/shared_image_representation.cc:792] Attempt to read from an uninitialized SharedImage. Initialized region: (0, 0, 0, 0) Size: (1285, 643) Debug Label: CanvasResourceRaster_Pid:78360
[75029:11624124:0706/192308.566604:ERROR:gpu/command_buffer/service/raster_decoder.cc:267] [.RendererMainThread-0x124004a9c00]GL ERROR :GL_INVALID_OPERATION : SharedImageProviderImpl::OpenSharedImageForRead: Couldn't access shared image for mailbox:35:E7:F2:D8:A6:8C:D5:BF:97:99:CE:26:CD:22:B2:43
[75029:11624124:0706/192308.566627:ERROR:gpu/command_buffer/service/raster_decoder.cc:3052] [.RendererMainThread-0x124004a9c00]GL ERROR :GL_INVALID_OPERATION : glRasterCHROMIUM: RasterCHROMIUM: serialization failure
[75029:11624124:0706/192308.824976:ERROR:gpu/command_buffer/service/shared_image/shared_image_representation.cc:792] Attempt to read from an uninitialized SharedImage. Initialized region: (0, 0, 0, 0) Size: (1285, 643) Debug Label: CanvasResourceRaster_Pid:78360
[75029:11624124:0706/192308.825011:ERROR:gpu/command_buffer/service/raster_decoder.cc:267] [.RendererMainThread-0x124004a9c00]GL ERROR :GL_INVALID_OPERATION : SharedImageProviderImpl::OpenSharedImageForRead: Couldn't access shared image for mailbox:1F:8E:6F:64:96:EF:3D:3D:0B:BA:6D:C7:4E:D4:4E:7B
[75029:11624124:0706/192308.825034:ERROR:gpu/command_buffer/service/raster_decoder.cc:3052] [.RendererMainThread-0x124004a9c00]GL ERROR :GL_INVALID_OPERATION : glRasterCHROMIUM: RasterCHROMIUM: serialization failure
[75029:11624124:0706/192309.081910:ERROR:gpu/command_buffer/service/shared_image/shared_image_representation.cc:792] Attempt to read from an uninitialized SharedImage. Initialized region: (0, 0, 0, 0) Size: (1285, 643) Debug Label: CanvasResourceRaster_Pid:78360
[75029:11624124:0706/192309.081950:ERROR:gpu/command_buffer/service/raster_decoder.cc:267] [.RendererMainThread-0x124004a9c00]GL ERROR :GL_INVALID_OPERATION : SharedImageProviderImpl::OpenSharedImageForRead: Couldn't access shared image for mailbox:D7:24:14:07:6C:66:B3:E2:CB:B3:51:3A:5D:E5:E3:FD
[75029:11624124:0706/192309.081975:ERROR:gpu/command_buffer/service/raster_decoder.cc:3052] [.RendererMainThread-0x124004a9c00]GL ERROR :GL_INVALID_OPERATION : glRasterCHROMIUM: RasterCHROMIUM: serialization failure
[75029:11624124:0706/192309.341574:ERROR:gpu/command_buffer/service/shared_image/shared_image_representation.cc:792] Attempt to read from an uninitialized SharedImage. Initialized region: (0, 0, 0, 0) Size: (1285, 643) Debug Label: CanvasResourceRaster_Pid:78360
[75029:11624124:0706/192309.341613:ERROR:gpu/command_buffer/service/raster_decoder.cc:267] [.RendererMainThread-0x124004a9c00]GL ERROR :GL_INVALID_OPERATION : SharedImageProviderImpl::OpenSharedImageForRead: Couldn't access shared image for mailbox:63:47:77:09:B0:E8:31:53:57:EE:7C:A4:71:23:05:65
[75029:11624124:0706/192309.341636:ERROR:gpu/command_buffer/service/raster_decoder.cc:3052] [.RendererMainThread-0x124004a9c00]GL ERROR :GL_INVALID_OPERATION : glRasterCHROMIUM: RasterCHROMIUM: serialization failure
[75029:11624124:0706/192309.599595:ERROR:gpu/command_buffer/service/shared_image/shared_image_representation.cc:792] Attempt to read from an uninitialized SharedImage. Initialized region: (0, 0, 0, 0) Size: (1285, 643) Debug Label: CanvasResourceRaster_Pid:78360
[75029:11624124:0706/192309.599627:ERROR:gpu/command_buffer/service/raster_decoder.cc:267] [.RendererMainThread-0x124004a9c00]GL ERROR :GL_INVALID_OPERATION : SharedImageProviderImpl::OpenSharedImageForRead: Couldn't access shared image for mailbox:10:86:CB:D4:4B:DC:14:A9:AA:74:A3:9E:6F:4B:81:DD
[75029:11624124:0706/192309.599640:ERROR:gpu/command_buffer/service/raster_decoder.cc:3052] [.RendererMainThread-0x124004a9c00]GL ERROR :GL_INVALID_OPERATION : glRasterCHROMIUM: RasterCHROMIUM: serialization failure
[75029:11624124:0706/192309.856481:ERROR:gpu/command_buffer/service/shared_image/shared_image_representation.cc:792] Attempt to read from an uninitialized SharedImage. Initialized region: (0, 0, 0, 0) Size: (1285, 643) Debug Label: CanvasResourceRaster_Pid:78360
[75029:11624124:0706/192309.856514:ERROR:gpu/command_buffer/service/raster_decoder.cc:267] [.RendererMainThread-0x124004a9c00]GL ERROR :GL_INVALID_OPERATION : SharedImageProviderImpl::OpenSharedImageForRead: Couldn't access shared image for mailbox:9B:98:00:BA:28:54:DF:D2:A3:CE:D9:41:DE:64:7C:69
[75029:11624124:0706/192309.856530:ERROR:gpu/command_buffer/service/raster_decoder.cc:3052] [.RendererMainThread-0x124004a9c00]GL ERROR :GL_INVALID_OPERATION : glRasterCHROMIUM: RasterCHROMIUM: serialization failure
[75029:11624124:0706/192310.116351:ERROR:gpu/command_buffer/service/shared_image/shared_image_representation.cc:792] Attempt to read from an uninitialized SharedImage. Initialized region: (0, 0, 0, 0) Size: (1285, 643) Debug Label: CanvasResourceRaster_Pid:78360
[75029:11624124:0706/192310.116665:ERROR:gpu/command_buffer/service/raster_decoder.cc:267] [.RendererMainThread-0x124004a9c00]GL ERROR :GL_INVALID_OPERATION : SharedImageProviderImpl::OpenSharedImageForRead: Couldn't access shared image for mailbox:0D:5D:38:61:B4:55:5B:3A:EA:4E:CE:1B:3F:A9:79:C1
[75029:11624124:0706/192310.116691:ERROR:gpu/command_buffer/service/raster_decoder.cc:3052] [.RendererMainThread-0x124004a9c00]GL ERROR :GL_INVALID_OPERATION : glRasterCHROMIUM: RasterCHROMIUM: serialization failure
[75029:11624124:0706/192310.373001:ERROR:gpu/command_buffer/service/shared_image/shared_image_representation.cc:792] Attempt to read from an uninitialized SharedImage. Initialized region: (0, 0, 0, 0) Size: (1285, 643) Debug Label: CanvasResourceRaster_Pid:78360
[75029:11624124:0706/192310.373042:ERROR:gpu/command_buffer/service/raster_decoder.cc:267] [.RendererMainThread-0x124004a9c00]GL ERROR :GL_INVALID_OPERATION : SharedImageProviderImpl::OpenSharedImageForRead: Couldn't access shared image for mailbox:53:13:A6:AC:3C:F5:5E:45:15:D6:09:C9:76:F2:76:05
[75029:11624124:0706/192310.373057:ERROR:gpu/command_buffer/service/raster_decoder.cc:3052] [.RendererMainThread-0x124004a9c00]GL ERROR :GL_INVALID_OPERATION : glRasterCHROMIUM: RasterCHROMIUM: serialization failure
[75029:11624124:0706/192310.624966:ERROR:gpu/command_buffer/service/shared_image/shared_image_representation.cc:792] Attempt to read from an uninitialized SharedImage. Initialized region: (0, 0, 0, 0) Size: (1285, 643) Debug Label: CanvasResourceRaster_Pid:78360
[75029:11624124:0706/192310.624998:ERROR:gpu/command_buffer/service/raster_decoder.cc:267] [.RendererMainThread-0x124004a9c00]GL ERROR :GL_INVALID_OPERATION : SharedImageProviderImpl::OpenSharedImageForRead: Couldn't access shared image for mailbox:F3:39:65:2E:B9:0B:B6:C5:8E:A2:AF:91:9C:62:DF:EF
[75029:11624124:0706/192310.625012:ERROR:gpu/command_buffer/service/raster_decoder.cc:3052] [.RendererMainThread-0x124004a9c00]GL ERROR :GL_INVALID_OPERATION : glRasterCHROMIUM: RasterCHROMIUM: serialization failure
[75029:11624124:0706/192310.883618:ERROR:gpu/command_buffer/service/shared_image/shared_image_representation.cc:792] Attempt to read from an uninitialized SharedImage. Initialized region: (0, 0, 0, 0) Size: (1285, 643) Debug Label: CanvasResourceRaster_Pid:78360
[75029:11624124:0706/192310.883653:ERROR:gpu/command_buffer/service/raster_decoder.cc:267] [.RendererMainThread-0x124004a9c00]GL ERROR :GL_INVALID_OPERATION : SharedImageProviderImpl::OpenSharedImageForRead: Couldn't access shared image for mailbox:89:26:A6:D6:35:B4:1D:AF:5C:FB:33:E4:BA:11:28:15
[75029:11624124:0706/192310.883670:ERROR:gpu/command_buffer/service/raster_decoder.cc:3052] [.RendererMainThread-0x124004a9c00]GL ERROR :GL_INVALID_OPERATION : glRasterCHROMIUM: RasterCHROMIUM: serialization failure
[75029:11624124:0706/192311.491634:ERROR:gpu/command_buffer/service/shared_image/shared_image_representation.cc:792] Attempt to read from an uninitialized SharedImage. Initialized region: (0, 0, 0, 0) Size: (1285, 675) Debug Label: CanvasResourceRaster_Pid:78360
[75029:11624124:0706/192311.491681:ERROR:gpu/command_buffer/service/raster_decoder.cc:267] [.RendererMainThread-0x124004a9c00]GL ERROR :GL_INVALID_OPERATION : SharedImageProviderImpl::OpenSharedImageForRead: Couldn't access shared image for mailbox:57:C8:C4:EC:81:99:7B:05:4A:0C:9D:22:06:88:F3:2F
[75029:11624124:0706/192311.491701:ERROR:gpu/command_buffer/service/raster_decoder.cc:3052] [.RendererMainThread-0x124004a9c00]GL ERROR :GL_INVALID_OPERATION : glRasterCHROMIUM: RasterCHROMIUM: serialization failure
[75029:11624124:0706/192311.749983:ERROR:gpu/command_buffer/service/shared_image/shared_image_representation.cc:792] Attempt to read from an uninitialized SharedImage. Initialized region: (0, 0, 0, 0) Size: (1285, 675) Debug Label: CanvasResourceRaster_Pid:78360
[75029:11624124:0706/192311.750016:ERROR:gpu/command_buffer/service/raster_decoder.cc:267] [.RendererMainThread-0x124004a9c00]GL ERROR :GL_INVALID_OPERATION : SharedImageProviderImpl::OpenSharedImageForRead: Couldn't access shared image for mailbox:D0:5A:57:59:0A:98:24:8C:8B:11:C6:03:98:AF:F2:41
[75029:11624124:0706/192311.750033:ERROR:gpu/command_buffer/service/raster_decoder.cc:3052] [.RendererMainThread-0x124004a9c00]GL ERROR :GL_INVALID_OPERATION : glRasterCHROMIUM: RasterCHROMIUM: serialization failure
[75029:11624124:0706/192312.008092:ERROR:gpu/command_buffer/service/shared_image/shared_image_representation.cc:792] Attempt to read from an uninitialized SharedImage. Initialized region: (0, 0, 0, 0) Size: (1285, 675) Debug Label: CanvasResourceRaster_Pid:78360
[75029:11624124:0706/192312.008132:ERROR:gpu/command_buffer/service/raster_decoder.cc:267] [.RendererMainThread-0x124004a9c00]GL ERROR :GL_INVALID_OPERATION : SharedImageProviderImpl::OpenSharedImageForRead: Couldn't access shared image for mailbox:B7:67:98:91:A1:43:29:03:3D:05:FE:B1:75:1F:7A:F9
[75029:11624124:0706/192312.008149:ERROR:gpu/command_buffer/service/raster_decoder.cc:3052] [.RendererMainThread-0x124004a9c00]GL ERROR :GL_INVALID_OPERATION : glRasterCHROMIUM: RasterCHROMIUM: serialization failure
[75029:11624124:0706/192312.266684:ERROR:gpu/command_buffer/service/shared_image/shared_image_representation.cc:792] Attempt to read from an uninitialized SharedImage. Initialized region: (0, 0, 0, 0) Size: (1285, 675) Debug Label: CanvasResourceRaster_Pid:78360
[75029:11624124:0706/192312.266728:ERROR:gpu/command_buffer/service/raster_decoder.cc:267] [.RendererMainThread-0x124004a9c00]GL ERROR :GL_INVALID_OPERATION : SharedImageProviderImpl::OpenSharedImageForRead: Couldn't access shared image for mailbox:D3:B0:78:99:44:0C:04:46:78:AF:15:95:F9:7F:23:51
[75029:11624124:0706/192312.266749:ERROR:gpu/command_buffer/service/raster_decoder.cc:3052] [.RendererMainThread-0x124004a9c00]GL ERROR :GL_INVALID_OPERATION : glRasterCHROMIUM: RasterCHROMIUM: serialization failure
[75029:11624124:0706/192312.524649:ERROR:gpu/command_buffer/service/shared_image/shared_image_representation.cc:792] Attempt to read from an uninitialized SharedImage. Initialized region: (0, 0, 0, 0) Size: (1285, 675) Debug Label: CanvasResourceRaster_Pid:78360
[75029:11624124:0706/192312.524687:ERROR:gpu/command_buffer/service/raster_decoder.cc:267] [.RendererMainThread-0x124004a9c00]GL ERROR :GL_INVALID_OPERATION : SharedImageProviderImpl::OpenSharedImageForRead: Couldn't access shared image for mailbox:0A:97:BB:A9:DD:27:21:50:10:35:53:FC:08:93:82:1F
[75029:11624124:0706/192312.524701:ERROR:gpu/command_buffer/service/raster_decoder.cc:3052] [.RendererMainThread-0x124004a9c00]GL ERROR :GL_INVALID_OPERATION : glRasterCHROMIUM: RasterCHROMIUM: serialization failure
[75029:11624124:0706/192312.783002:ERROR:gpu/command_buffer/service/shared_image/shared_image_representation.cc:792] Attempt to read from an uninitialized SharedImage. Initialized region: (0, 0, 0, 0) Size: (1285, 675) Debug Label: CanvasResourceRaster_Pid:78360
[75029:11624124:0706/192312.783048:ERROR:gpu/command_buffer/service/raster_decoder.cc:267] [.RendererMainThread-0x124004a9c00]GL ERROR :GL_INVALID_OPERATION : SharedImageProviderImpl::OpenSharedImageForRead: Couldn't access shared image for mailbox:F3:53:D2:7C:BC:3C:70:BD:AB:10:F4:33:F9:B4:E2:A9
[75029:11624124:0706/192312.783065:ERROR:gpu/command_buffer/service/raster_decoder.cc:3052] [.RendererMainThread-0x124004a9c00]GL ERROR :GL_INVALID_OPERATION : glRasterCHROMIUM: RasterCHROMIUM: serialization failure
[75029:11624124:0706/192313.041345:ERROR:gpu/command_buffer/service/shared_image/shared_image_representation.cc:792] Attempt to read from an uninitialized SharedImage. Initialized region: (0, 0, 0, 0) Size: (1285, 675) Debug Label: CanvasResourceRaster_Pid:78360
[75029:11624124:0706/192313.041380:ERROR:gpu/command_buffer/service/raster_decoder.cc:267] [.RendererMainThread-0x124004a9c00]GL ERROR :GL_INVALID_OPERATION : SharedImageProviderImpl::OpenSharedImageForRead: Couldn't access shared image for mailbox:F2:52:A0:85:DE:C0:91:98:AA:16:43:DE:D1:8E:A8:2D
[75029:11624124:0706/192313.041395:ERROR:gpu/command_buffer/service/raster_decoder.cc:3052] [.RendererMainThread-0x124004a9c00]GL ERROR :GL_INVALID_OPERATION : glRasterCHROMIUM: RasterCHROMIUM: serialization failure
[75029:11624124:0706/192313.299648:ERROR:gpu/command_buffer/service/shared_image/shared_image_representation.cc:792] Attempt to read from an uninitialized SharedImage. Initialized region: (0, 0, 0, 0) Size: (1285, 675) Debug Label: CanvasResourceRaster_Pid:78360
[75029:11624124:0706/192313.299675:ERROR:gpu/command_buffer/service/raster_decoder.cc:267] [.RendererMainThread-0x124004a9c00]GL ERROR :GL_INVALID_OPERATION : SharedImageProviderImpl::OpenSharedImageForRead: Couldn't access shared image for mailbox:50:2A:4F:97:D0:85:DB:F4:01:DE:18:B1:B2:6C:40:5D
[75029:11624124:0706/192313.299688:ERROR:gpu/command_buffer/service/raster_decoder.cc:3052] [.RendererMainThread-0x124004a9c00]GL ERROR :GL_INVALID_OPERATION : glRasterCHROMIUM: RasterCHROMIUM: serialization failure
[75029:11624124:0706/192313.557994:ERROR:gpu/command_buffer/service/shared_image/shared_image_representation.cc:792] Attempt to read from an uninitialized SharedImage. Initialized region: (0, 0, 0, 0) Size: (1285, 675) Debug Label: CanvasResourceRaster_Pid:78360
[75029:11624124:0706/192313.558028:ERROR:gpu/command_buffer/service/raster_decoder.cc:267] [.RendererMainThread-0x124004a9c00]GL ERROR :GL_INVALID_OPERATION : SharedImageProviderImpl::OpenSharedImageForRead: Couldn't access shared image for mailbox:AA:6A:DF:14:3D:06:CA:E3:66:3E:66:9A:FE:65:5A:6B
[75029:11624124:0706/192313.558044:ERROR:gpu/command_buffer/service/raster_decoder.cc:3052] [.RendererMainThread-0x124004a9c00]GL ERROR :GL_INVALID_OPERATION : glRasterCHROMIUM: RasterCHROMIUM: serialization failure
[75029:11624124:0706/192313.816326:ERROR:gpu/command_buffer/service/shared_image/shared_image_representation.cc:792] Attempt to read from an uninitialized SharedImage. Initialized region: (0, 0, 0, 0) Size: (1285, 675) Debug Label: CanvasResourceRaster_Pid:78360
[75029:11624124:0706/192313.816358:ERROR:gpu/command_buffer/service/logger.cc:51] Too many GL errors, not reporting any more for this context. use --disable-gl-error-limit to see all errors.
[75029:11624124:0706/192314.073367:ERROR:gpu/command_buffer/service/shared_image/shared_image_representation.cc:792] Attempt to read from an uninitialized SharedImage. Initialized region: (0, 0, 0, 0) Size: (1285, 675) Debug Label: CanvasResourceRaster_Pid:78360
[75029:11624124:0706/192314.324601:ERROR:gpu/command_buffer/service/shared_image/shared_image_representation.cc:792] Attempt to read from an uninitialized SharedImage. Initialized region: (0, 0, 0, 0) Size: (1285, 675) Debug Label: CanvasResourceRaster_Pid:78360
[75029:11624124:0706/192314.582897:ERROR:gpu/command_buffer/service/shared_image/shared_image_representation.cc:792] Attempt to read from an uninitialized SharedImage. Initialized region: (0, 0, 0, 0) Size: (1285, 675) Debug Label: CanvasResourceRaster_Pid:78360
[75029:11624124:0706/192314.841277:ERROR:gpu/command_buffer/service/shared_image/shared_image_representation.cc:792] Attempt to read from an uninitialized SharedImage. Initialized region: (0, 0, 0, 0) Size: (1285, 675) Debug Label: CanvasResourceRaster_Pid:78360
[75029:11624124:0706/192315.097951:ERROR:gpu/command_buffer/service/shared_image/shared_image_representation.cc:792] Attempt to read from an uninitialized SharedImage. Initialized region: (0, 0, 0, 0) Size: (1285, 675) Debug Label: CanvasResourceRaster_Pid:78360
[75029:11624124:0706/192315.724688:ERROR:gpu/command_buffer/service/shared_image/shared_image_representation.cc:792] Attempt to read from an uninitialized SharedImage. Initialized region: (0, 0, 0, 0) Size: (1285, 876) Debug Label: CanvasResourceRaster_Pid:78360
[75029:11624124:0706/192315.983438:ERROR:gpu/command_buffer/service/shared_image/shared_image_representation.cc:792] Attempt to read from an uninitialized SharedImage. Initialized region: (0, 0, 0, 0) Size: (1285, 876) Debug Label: CanvasResourceRaster_Pid:78360
[75029:11624124:0706/192316.241214:ERROR:gpu/command_buffer/service/shared_image/shared_image_representation.cc:792] Attempt to read from an uninitialized SharedImage. Initialized region: (0, 0, 0, 0) Size: (1285, 876) Debug Label: CanvasResourceRaster_Pid:78360
[75029:11624124:0706/192316.499911:ERROR:gpu/command_buffer/service/shared_image/shared_image_representation.cc:792] Attempt to read from an uninitialized SharedImage. Initialized region: (0, 0, 0, 0) Size: (1285, 876) Debug Label: CanvasResourceRaster_Pid:78360
[75029:11624124:0706/192316.758236:ERROR:gpu/command_buffer/service/shared_image/shared_image_representation.cc:792] Attempt to read from an uninitialized SharedImage. Initialized region: (0, 0, 0, 0) Size: (1285, 876) Debug Label: CanvasResourceRaster_Pid:78360
[75029:11624124:0706/192317.016638:ERROR:gpu/command_buffer/service/shared_image/shared_image_representation.cc:792] Attempt to read from an uninitialized SharedImage. Initialized region: (0, 0, 0, 0) Size: (1285, 876) Debug Label: CanvasResourceRaster_Pid:78360
[75029:11624124:0706/192317.274991:ERROR:gpu/command_buffer/service/shared_image/shared_image_representation.cc:792] Attempt to read from an uninitialized SharedImage. Initialized region: (0, 0, 0, 0) Size: (1285, 876) Debug Label: CanvasResourceRaster_Pid:78360
[75029:11624124:0706/192317.533564:ERROR:gpu/command_buffer/service/shared_image/shared_image_representation.cc:792] Attempt to read from an uninitialized SharedImage. Initialized region: (0, 0, 0, 0) Size: (1285, 876) Debug Label: CanvasResourceRaster_Pid:78360
[75029:11624124:0706/192317.791548:ERROR:gpu/command_buffer/service/shared_image/shared_image_representation.cc:792] Attempt to read from an uninitialized SharedImage. Initialized region: (0, 0, 0, 0) Size: (1285, 876) Debug Label: CanvasResourceRaster_Pid:78360
[75029:11624124:0706/192318.049561:ERROR:gpu/command_buffer/service/shared_image/shared_image_representation.cc:792] Attempt to read from an uninitialized SharedImage. Initialized region: (0, 0, 0, 0) Size: (1285, 876) Debug Label: CanvasResourceRaster_Pid:78360
[75029:11624124:0706/192318.307923:ERROR:gpu/command_buffer/service/shared_image/shared_image_representation.cc:792] Attempt to read from an uninitialized SharedImage. Initialized region: (0, 0, 0, 0) Size: (1285, 876) Debug Label: CanvasResourceRaster_Pid:78360
[75029:11624124:0706/192318.566231:ERROR:gpu/command_buffer/service/shared_image/shared_image_representation.cc:792] Attempt to read from an uninitialized SharedImage. Initialized region: (0, 0, 0, 0) Size: (1285, 876) Debug Label: CanvasResourceRaster_Pid:78360
[75029:11624124:0706/192318.824582:ERROR:gpu/command_buffer/service/shared_image/shared_image_representation.cc:792] Attempt to read from an uninitialized SharedImage. Initialized region: (0, 0, 0, 0) Size: (1285, 876) Debug Label: CanvasResourceRaster_Pid:78360
[75029:11624124:0706/192319.083300:ERROR:gpu/command_buffer/service/shared_image/shared_image_representation.cc:792] Attempt to read from an uninitialized SharedImage. Initialized region: (0, 0, 0, 0) Size: (1285, 876) Debug Label: CanvasResourceRaster_Pid:78360
[75029:11624124:0706/192319.339993:ERROR:gpu/command_buffer/service/shared_image/shared_image_representation.cc:792] Attempt to read from an uninitialized SharedImage. Initialized region: (0, 0, 0, 0) Size: (1285, 876) Debug Label: CanvasResourceRaster_Pid:78360
[75029:11624124:0706/192320.000159:ERROR:gpu/command_buffer/service/shared_image/shared_image_representation.cc:792] Attempt to read from an uninitialized SharedImage. Initialized region: (0, 0, 0, 0) Size: (1285, 682) Debug Label: CanvasResourceRaster_Pid:78360
[75029:11624124:0706/192320.258676:ERROR:gpu/command_buffer/service/shared_image/shared_image_representation.cc:792] Attempt to read from an uninitialized SharedImage. Initialized region: (0, 0, 0, 0) Size: (1285, 682) Debug Label: CanvasResourceRaster_Pid:78360
[75029:11624124:0706/192320.516658:ERROR:gpu/command_buffer/service/shared_image/shared_image_representation.cc:792] Attempt to read from an uninitialized SharedImage. Initialized region: (0, 0, 0, 0) Size: (1285, 682) Debug Label: CanvasResourceRaster_Pid:78360
[75029:11624124:0706/192320.775228:ERROR:gpu/command_buffer/service/shared_image/shared_image_representation.cc:792] Attempt to read from an uninitialized SharedImage. Initialized region: (0, 0, 0, 0) Size: (1285, 682) Debug Label: CanvasResourceRaster_Pid:78360
[75029:11624124:0706/192321.033250:ERROR:gpu/command_buffer/service/shared_image/shared_image_representation.cc:792] Attempt to read from an uninitialized SharedImage. Initialized region: (0, 0, 0, 0) Size: (1285, 682) Debug Label: CanvasResourceRaster_Pid:78360
[75029:11624124:0706/192321.291534:ERROR:gpu/command_buffer/service/shared_image/shared_image_representation.cc:792] Attempt to read from an uninitialized SharedImage. Initialized region: (0, 0, 0, 0) Size: (1285, 682) Debug Label: CanvasResourceRaster_Pid:78360
[75029:11624124:0706/192321.549750:ERROR:gpu/command_buffer/service/shared_image/shared_image_representation.cc:792] Attempt to read from an uninitialized SharedImage. Initialized region: (0, 0, 0, 0) Size: (1285, 682) Debug Label: CanvasResourceRaster_Pid:78360
[75029:11624124:0706/192321.808081:ERROR:gpu/command_buffer/service/shared_image/shared_image_representation.cc:792] Attempt to read from an uninitialized SharedImage. Initialized region: (0, 0, 0, 0) Size: (1285, 682) Debug Label: CanvasResourceRaster_Pid:78360
[75029:11624124:0706/192322.066929:ERROR:gpu/command_buffer/service/shared_image/shared_image_representation.cc:792] Attempt to read from an uninitialized SharedImage. Initialized region: (0, 0, 0, 0) Size: (1285, 682) Debug Label: CanvasResourceRaster_Pid:78360
[75029:11624124:0706/192322.325288:ERROR:gpu/command_buffer/service/shared_image/shared_image_representation.cc:792] Attempt to read from an uninitialized SharedImage. Initialized region: (0, 0, 0, 0) Size: (1285, 682) Debug Label: CanvasResourceRaster_Pid:78360
[75029:11624124:0706/192322.583249:ERROR:gpu/command_buffer/service/shared_image/shared_image_representation.cc:792] Attempt to read from an uninitialized SharedImage. Initialized region: (0, 0, 0, 0) Size: (1285, 682) Debug Label: CanvasResourceRaster_Pid:78360
[75029:11624124:0706/192322.841932:ERROR:gpu/command_buffer/service/shared_image/shared_image_representation.cc:792] Attempt to read from an uninitialized SharedImage. Initialized region: (0, 0, 0, 0) Size: (1285, 682) Debug Label: CanvasResourceRaster_Pid:78360
[75029:11624124:0706/192323.098599:ERROR:gpu/command_buffer/service/shared_image/shared_image_representation.cc:792] Attempt to read from an uninitialized SharedImage. Initialized region: (0, 0, 0, 0) Size: (1285, 682) Debug Label: CanvasResourceRaster_Pid:78360
[75029:11624124:0706/192323.357408:ERROR:gpu/command_buffer/service/shared_image/shared_image_representation.cc:792] Attempt to read from an uninitialized SharedImage. Initialized region: (0, 0, 0, 0) Size: (1285, 682) Debug Label: CanvasResourceRaster_Pid:78360
[75029:11624124:0706/192323.615114:ERROR:gpu/command_buffer/service/shared_image/shared_image_representation.cc:792] Attempt to read from an uninitialized SharedImage. Initialized region: (0, 0, 0, 0) Size: (1285, 682) Debug Label: CanvasResourceRaster_Pid:78360
[75024:11624110:0706/192446.560129:ERROR:google_apis/gcm/engine/registration_request.cc:291] Registration response error message: DEPRECATED_ENDPOINT
[75029:11624124:0706/192933.287763:ERROR:gpu/command_buffer/service/shared_image/shared_image_manager.cc:254] SharedImageManager::ProduceSkia: Trying to Produce a Skia representation from a non-existent mailbox.
[75029:11624124:0706/192933.288098:ERROR:gpu/command_buffer/service/shared_image/shared_image_manager.cc:254] SharedImageManager::ProduceSkia: Trying to Produce a Skia representation from a non-existent mailbox.
[75029:11624124:0706/192933.288285:ERROR:gpu/command_buffer/service/shared_image/shared_image_manager.cc:254] SharedImageManager::ProduceSkia: Trying to Produce a Skia representation from a non-existent mailbox.
[75029:11624124:0706/192933.288322:ERROR:gpu/command_buffer/service/shared_image/shared_image_manager.cc:254] SharedImageManager::ProduceSkia: Trying to Produce a Skia representation from a non-existent mailbox.
[75029:11624124:0706/192933.288421:ERROR:gpu/command_buffer/service/shared_image/shared_image_manager.cc:254] SharedImageManager::ProduceSkia: Trying to Produce a Skia representation from a non-existent mailbox.
[75029:11624124:0706/192933.288447:ERROR:gpu/command_buffer/service/shared_image/shared_image_manager.cc:254] SharedImageManager::ProduceSkia: Trying to Produce a Skia representation from a non-existent mailbox.
[75024:11624110:0706/193024.134783:ERROR:google_apis/gcm/engine/registration_request.cc:291] Registration response error message: DEPRECATED_ENDPOINT
[75024:11624122:0706/193935.694172:ERROR:base/process/process_mac.cc:53] task_policy_set TASK_CATEGORY_POLICY: (os/kern) invalid argument (4)
[75024:11624122:0706/193935.694202:ERROR:base/process/process_mac.cc:98] task_policy_set TASK_SUPPRESSION_POLICY: (os/kern) invalid argument (4)
